Vehiculo,Rastra,Nombre Geocerca,Fecha Entrada,Fecha Salida,Dif. Tiempo
VC40,V22,La Guama - Lago de Yojoa,2021-02-01 05:15:45,2021-02-01 06:54:21,01:38:36
VC40,V22,La Guama - Lago de Yojoa,2021-02-01 22:17:50,2021-02-02 03:32:26,05:14:36
VC40,V22,Lago de Yojoa - Pito Solo,2021-02-01 06:54:35,2021-02-01 06:57:11,00:02:36
VC40,V22,Lago de Yojoa - Pito Solo,2021-02-01 22:15:04,2021-02-01 22:17:50,00:02:46
VC40,V22,Pito Solo - Jardines Taulabe,2021-02-01 06:57:11,2021-02-01 07:23:31,00:26:20
VC40,V22,Pito Solo - Jardines Taulabe,2021-02-01 22:02:49,2021-02-01 22:15:04,00:12:15
VC40,V22,Jardines - Siguatepeque,2021-02-01 07:23:31,2021-02-01 08:02:23,00:38:52
VC40,V22,Jardines - Siguatepeque,2021-02-01 20:33:40,2021-02-01 22:02:48,01:29:08
VC40,V22,Siguatepeque - Cuesta La Virgen,2021-02-01 08:02:22,2021-02-01 08:14:26,00:12:04
VC40,V22,Siguatepeque - Cuesta La Virgen,2021-02-01 20:23:57,2021-02-01 20:33:40,00:09:43
VC40,V22,Cuesta La Virgen - Comayagua,2021-02-01 08:14:26,2021-02-01 08:50:16,00:35:50
VC40,V22,Cuesta La Virgen - Comayagua,2021-02-01 19:45:54,2021-02-01 20:23:58,00:38:04
VC40,V22,"Comayagua - Las Flores, Comayagua",2021-02-01 08:50:16,2021-02-01 09:23:11,00:32:55
VC40,V22,"Comayagua - Las Flores, Comayagua",2021-02-01 18:59:42,2021-02-01 19:45:54,00:46:12
VC40,V22,"Flores, Comayagua, Cuesta el Rodeo",2021-02-01 09:23:11,2021-02-01 09:38:14,00:15:03
VC40,V22,"Flores, Comayagua, Cuesta el Rodeo",2021-02-01 18:56:55,2021-02-01 18:59:42,00:02:47
VC40,V22,Cuesta el Rodeo-Zambrano,2021-02-01 09:38:15,2021-02-01 10:20:05,00:41:50
VC40,V22,Cuesta el Rodeo-Zambrano,2021-02-01 18:03:40,2021-02-01 18:56:56,00:53:16
VC40,V22,Tamara-Durazno,2021-02-01 10:41:35,2021-02-01 10:59:14,00:17:39
VC40,V22,Tamara-Durazno,2021-02-01 17:04:07,2021-02-01 17:42:18,00:38:11
VC40,V22,Cervecería SA. Tegucigalpa,2021-02-01 11:03:15,2021-02-01 17:02:27,05:59:12
VC40,V22,Zambrano-Tamara,2021-02-01 10:20:05,2021-02-01 10:41:36,00:21:31
VC40,V22,Zambrano-Tamara,2021-02-01 17:42:18,2021-02-01 18:03:40,00:21:22
VC40,V22,Durazno-FFAA-Salida a Tegus,2021-02-01 10:59:14,2021-02-01 11:20:38,00:21:24
VC40,V22,Durazno-FFAA-Salida a Tegus,2021-02-01 16:39:17,2021-02-01 17:04:07,00:24:50
VC40,V22,Bulevar Fuerzar Armadas - CD La Granja,2021-02-01 11:20:50,2021-02-01 11:21:13,00:00:23
VC40,V22,Bulevar Fuerzar Armadas - CD La Granja,2021-02-01 16:37:47,2021-02-01 16:39:17,00:01:30
VC40,V22,Peaje Siguatepeque,2021-02-01 08:12:58,2021-02-01 08:15:04,00:02:06
VC40,V22,Peaje Siguatepeque,2021-02-01 20:22:26,2021-02-01 20:24:53,00:02:27
VC40,V22,Peaje Zambrano,2021-02-01 10:06:00,2021-02-01 10:08:46,00:02:46
VC40,V22,Peaje Zambrano,2021-02-01 18:15:23,2021-02-01 18:22:02,00:06:39
VC40,V22,"Area de Espera, Ingreso a CDLG",2021-02-01 11:21:13,2021-02-01 11:22:21,00:01:08
VC40,V22,"Area de Espera, Ingreso a CDLG",2021-02-01 16:38:00,2021-02-01 16:38:50,00:00:50
VC40,V22,CD La Granja,2021-02-01 11:21:26,2021-02-01 16:38:00,05:16:34
VC40,V22,Recta de Yojoa,2021-02-02 03:54:22,2021-02-02 04:10:30,00:16:08
VC40,V22,Recta de Yojoa,2021-02-02 18:58:36,2021-02-02 19:12:52,00:14:16
VC40,V22,Toyota-Villanueva,2021-02-02 04:50:00,2021-02-02 05:17:04,00:27:04
VC40,V22,Toyota-Villanueva,2021-02-02 17:14:44,2021-02-02 18:14:40,00:59:56
VC40,V22,Villanueva Centro,2021-02-02 04:43:05,2021-02-02 04:50:00,00:06:55
VC40,V22,Villanueva Centro,2021-02-02 18:14:39,2021-02-02 18:23:28,00:08:49
VC40,V22,Las Flores - La Guama,2021-02-02 03:32:26,2021-02-02 03:48:00,00:15:34
VC40,V22,Las Flores - La Guama,2021-02-02 19:27:19,2021-02-02 19:49:27,00:22:08
VC40,V22,La Guama - Lago de Yojoa,2021-02-02 19:49:27,2021-02-02 19:59:04,00:09:37
VC40,V22,Lago de Yojoa - Pito Solo,2021-02-02 19:59:04,2021-02-02 20:03:49,00:04:45
VC40,V22,Pito Solo - Jardines Taulabe,2021-02-02 20:03:49,2021-02-02 20:19:36,00:15:47
VC40,V22,Jardines - Siguatepeque,2021-02-02 20:19:36,2021-02-02 21:14:49,00:55:13
VC40,V22,Siguatepeque - Cuesta La Virgen,2021-02-02 21:14:49,2021-02-02 21:24:15,00:09:26
VC40,V22,Cuesta La Virgen - Comayagua,2021-02-02 21:24:15,2021-02-02 22:02:30,00:38:15
VC40,V22,"Comayagua - Las Flores, Comayagua",2021-02-02 22:02:29,2021-02-02 22:32:14,00:29:45
VC40,V22,"Flores, Comayagua, Cuesta el Rodeo",2021-02-02 22:32:14,2021-02-02 22:36:45,00:04:31
VC40,V22,Cuesta el Rodeo-Zambrano,2021-02-02 22:36:45,2021-02-02 23:32:24,00:55:39
VC40,V22,Área de carga planta de cerveza 40,2021-02-02 16:21:00,2021-02-02 16:51:24,00:30:24
VC40,V22,Predio de Loginhsa,2021-02-02 07:46:53,2021-02-02 14:14:58,06:28:05
VC40,V22,Viveros CHSA área de ingreso,2021-02-02 05:32:40,2021-02-02 07:46:35,02:13:55
VC40,V22,Viveros CHSA área de ingreso,2021-02-02 08:16:50,2021-02-02 08:18:38,00:01:48
VC40,V22,Área de viveros de Refresco,2021-02-02 05:32:52,2021-02-02 07:46:33,02:13:41
VC40,V22,Área de viveros de Refresco,2021-02-02 08:16:50,2021-02-02 08:18:37,00:01:47
VC40,V22,P40 Area de espera,2021-02-02 05:32:29,2021-02-02 05:32:31,00:00:02
VC40,V22,Area de viveros de Cerveza,2021-02-02 14:56:54,2021-02-02 14:58:21,00:01:27
VC40,V22,SPS-Peaje La Lima,2021-02-02 05:25:09,2021-02-02 05:25:18,00:00:09
VC40,V22,CHSA-Toyota,2021-02-02 05:20:03,2021-02-02 05:28:59,00:08:56
VC40,V22,CHSA-Toyota,2021-02-02 16:57:32,2021-02-02 17:02:07,00:04:35
VC40,V22,CHSA-Toyota,2021-02-02 17:04:17,2021-02-02 17:06:43,00:02:26
VC40,V22,Area de espera Loginhsa-cerveza,2021-02-02 13:23:40,2021-02-02 14:57:11,01:33:31
VC40,V22,Planta General Cerveza,2021-02-02 14:58:43,2021-02-02 16:21:47,01:23:04
VC40,V22,Viveros,2021-02-02 05:32:40,2021-02-02 14:58:20,09:25:40
VC40,V22,Zambrano-Tamara,2021-02-02 23:32:24,2021-02-03 00:02:16,00:29:52
VC40,V22,Peaje Siguatepeque,2021-02-02 21:22:53,2021-02-02 21:24:48,00:01:55
VC40,V22,Peaje Zambrano,2021-02-02 23:18:05,2021-02-02 23:20:23,00:02:18
VC40,V22,Ingreso a predio,2021-02-02 05:30:23,2021-02-02 05:32:40,00:02:17
VC40,V22,Ingreso a predio,2021-02-02 16:50:34,2021-02-02 16:51:24,00:00:50
VC40,V22,"Fila de Salida, Porton #8",2021-02-02 16:21:46,2021-02-02 16:38:03,00:16:17
VC40,V22,20 calle -Toyota,2021-02-02 05:17:03,2021-02-02 05:20:04,00:03:01
VC40,V22,20 calle -Toyota,2021-02-02 17:06:43,2021-02-02 17:14:44,00:08:01
VC40,V22,Recta de Yojoa,2021-02-03 10:02:36,2021-02-03 10:47:00,00:44:24
VC40,V22,Recta de Yojoa,2021-02-03 22:28:19,2021-02-03 22:49:57,00:21:38
VC40,V22,Toyota-Villanueva,2021-02-03 11:18:39,2021-02-03 11:44:15,00:25:36
VC40,V22,Toyota-Villanueva,2021-02-03 21:09:18,2021-02-03 21:49:34,00:40:16
VC40,V22,Villanueva Centro,2021-02-03 11:15:28,2021-02-03 11:18:38,00:03:10
VC40,V22,Villanueva Centro,2021-02-03 21:49:34,2021-02-03 21:49:44,00:00:10
VC40,V22,Las Flores - La Guama,2021-02-03 09:36:25,2021-02-03 09:55:00,00:18:35
VC40,V22,Las Flores - La Guama,2021-02-03 22:57:45,2021-02-03 23:07:54,00:10:09
VC40,V22,Las Flores - La Guama,2021-02-03 23:07:55,2021-02-03 23:15:55,00:08:00
VC40,V22,La Guama - Lago de Yojoa,2021-02-03 09:20:53,2021-02-03 09:36:26,00:15:33
VC40,V22,La Guama - Lago de Yojoa,2021-02-03 23:15:57,2021-02-03 23:32:22,00:16:25
VC40,V22,Lago de Yojoa - Pito Solo,2021-02-03 09:19:11,2021-02-03 09:20:54,00:01:43
VC40,V22,Lago de Yojoa - Pito Solo,2021-02-03 23:32:23,2021-02-03 23:34:57,00:02:34
VC40,V22,Pito Solo - Jardines Taulabe,2021-02-03 09:07:36,2021-02-03 09:19:10,00:11:34
VC40,V22,Pito Solo - Jardines Taulabe,2021-02-03 23:34:57,2021-02-03 23:57:40,00:22:43
VC40,V22,Jardines - Siguatepeque,2021-02-03 08:32:32,2021-02-03 09:07:35,00:35:03
VC40,V22,Jardines - Siguatepeque,2021-02-03 23:57:39,2021-02-04 01:32:24,01:34:45
VC40,V22,Siguatepeque - Cuesta La Virgen,2021-02-03 08:21:29,2021-02-03 08:32:32,00:11:03
VC40,V22,Cuesta La Virgen - Comayagua,2021-02-03 07:51:44,2021-02-03 08:21:30,00:29:46
VC40,V22,"Comayagua - Las Flores, Comayagua",2021-02-03 07:26:01,2021-02-03 07:51:43,00:25:42
VC40,V22,"Flores, Comayagua, Cuesta el Rodeo",2021-02-03 07:21:31,2021-02-03 07:26:01,00:04:30
VC40,V22,Cuesta el Rodeo-Zambrano,2021-02-03 04:48:51,2021-02-03 07:21:31,02:32:40
VC40,V22,Tamara-Durazno,2021-02-03 00:02:16,2021-02-03 00:15:48,00:13:32
VC40,V22,Tamara-Durazno,2021-02-03 04:23:50,2021-02-03 04:33:39,00:09:49
VC40,V22,Cervecería SA. Tegucigalpa,2021-02-03 00:17:09,2021-02-03 04:22:57,04:05:48
VC40,V22,Área de carga planta de cerveza 40,2021-02-03 12:06:05,2021-02-03 12:06:16,00:00:11
VC40,V22,Área de carga planta de cerveza 40,2021-02-03 20:23:07,2021-02-03 20:45:12,00:22:05
VC40,V22,Predio de Loginhsa,2021-02-03 12:14:04,2021-02-03 16:40:39,04:26:35
VC40,V22,Viveros CHSA área de ingreso,2021-02-03 12:10:54,2021-02-03 12:15:01,00:04:07
VC40,V22,Área de viveros de Refresco,2021-02-03 12:10:54,2021-02-03 12:15:00,00:04:06
VC40,V22,P40 Area de espera,2021-02-03 12:06:15,2021-02-03 12:06:35,00:00:20
VC40,V22,P40 Area de espera,2021-02-03 20:45:11,2021-02-03 20:48:21,00:03:10
VC40,V22,Area de viveros de Cerveza,2021-02-03 17:29:12,2021-02-03 17:30:03,00:00:51
VC40,V22,Area de viveros de Cerveza,2021-02-03 19:04:08,2021-02-03 19:15:57,00:11:49
VC40,V22,SPS-Peaje La Lima,2021-02-03 11:59:21,2021-02-03 11:59:42,00:00:21
VC40,V22,CHSA-Toyota,2021-02-03 11:51:11,2021-02-03 12:04:31,00:13:20
VC40,V22,CHSA-Toyota,2021-02-03 20:51:43,2021-02-03 21:02:35,00:10:52
VC40,V22,Area de espera Loginhsa-cerveza,2021-02-03 16:40:26,2021-02-03 17:29:12,00:48:46
VC40,V22,Area de espera Loginhsa-cerveza,2021-02-03 17:30:02,2021-02-03 19:04:08,01:34:06
VC40,V22,Planta General Cerveza,2021-02-03 19:16:10,2021-02-03 20:23:34,01:07:24
VC40,V22,Viveros,2021-02-03 12:10:54,2021-02-03 19:15:56,07:05:02
VC40,V22,Zambrano-Tamara,2021-02-03 04:33:39,2021-02-03 04:48:51,00:15:12
VC40,V22,Durazno-FFAA-Salida a Tegus,2021-02-03 00:15:49,2021-02-03 00:34:25,00:18:36
VC40,V22,Durazno-FFAA-Salida a Tegus,2021-02-03 04:10:58,2021-02-03 04:23:51,00:12:53
VC40,V22,Bulevar Fuerzar Armadas - CD La Granja,2021-02-03 00:34:24,2021-02-03 00:35:11,00:00:47
VC40,V22,Bulevar Fuerzar Armadas - CD La Granja,2021-02-03 04:09:36,2021-02-03 04:10:58,00:01:22
VC40,V22,Peaje Siguatepeque,2021-02-03 08:20:51,2021-02-03 08:22:09,00:01:18
VC40,V22,Peaje Zambrano,2021-02-03 04:58:28,2021-02-03 06:41:48,01:43:20
VC40,V22,Ingreso a predio,2021-02-03 12:05:38,2021-02-03 12:10:54,00:05:16
VC40,V22,Ingreso a predio,2021-02-03 20:45:12,2021-02-03 20:49:20,00:04:08
VC40,V22,"Area de Espera, Ingreso a CDLG",2021-02-03 00:34:57,2021-02-03 00:35:26,00:00:29
VC40,V22,"Area de Espera, Ingreso a CDLG",2021-02-03 02:39:53,2021-02-03 02:41:04,00:01:11
VC40,V22,"Area de Espera, Ingreso a CDLG",2021-02-03 04:09:49,2021-02-03 04:10:31,00:00:42
VC40,V22,CD La Granja,2021-02-03 00:35:27,2021-02-03 00:35:43,00:00:16
VC40,V22,CD La Granja,2021-02-03 02:41:04,2021-02-03 04:09:50,01:28:46
VC40,V22,"Fila de Salida, Porton #8",2021-02-03 20:23:34,2021-02-03 20:45:12,00:21:38
VC40,V22,20 calle -Toyota,2021-02-03 11:44:14,2021-02-03 11:51:11,00:06:57
VC40,V22,20 calle -Toyota,2021-02-03 21:02:35,2021-02-03 21:09:18,00:06:43
VC40,V22,Recta de Yojoa,2021-02-04 15:49:46,2021-02-04 16:06:27,00:16:41
VC40,V22,Toyota-Villanueva,2021-02-04 16:48:58,2021-02-04 17:22:42,00:33:44
VC40,V22,Villanueva Centro,2021-02-04 16:46:11,2021-02-04 16:48:58,00:02:47
VC40,V22,Las Flores - La Guama,2021-02-04 15:25:28,2021-02-04 15:45:11,00:19:43
VC40,V22,La Guama - Lago de Yojoa,2021-02-04 14:11:47,2021-02-04 15:25:28,01:13:41
VC40,V22,Lago de Yojoa - Pito Solo,2021-02-04 14:11:14,2021-02-04 14:11:48,00:00:34
VC40,V22,Pito Solo - Jardines Taulabe,2021-02-04 13:24:54,2021-02-04 14:11:14,00:46:20
VC40,V22,Jardines - Siguatepeque,2021-02-04 12:47:37,2021-02-04 13:24:53,00:37:16
VC40,V22,Siguatepeque - Cuesta La Virgen,2021-02-04 01:32:23,2021-02-04 01:41:29,00:09:06
VC40,V22,Siguatepeque - Cuesta La Virgen,2021-02-04 12:37:20,2021-02-04 12:47:37,00:10:17
VC40,V22,Cuesta La Virgen - Comayagua,2021-02-04 01:41:29,2021-02-04 02:19:22,00:37:53
VC40,V22,Cuesta La Virgen - Comayagua,2021-02-04 11:53:18,2021-02-04 12:37:20,00:44:02
VC40,V22,"Comayagua - Las Flores, Comayagua",2021-02-04 02:19:21,2021-02-04 02:55:15,00:35:54
VC40,V22,"Comayagua - Las Flores, Comayagua",2021-02-04 11:18:42,2021-02-04 11:53:17,00:34:35
VC40,V22,"Flores, Comayagua, Cuesta el Rodeo",2021-02-04 02:55:15,2021-02-04 03:03:00,00:07:45
VC40,V22,"Flores, Comayagua, Cuesta el Rodeo",2021-02-04 11:15:17,2021-02-04 11:18:41,00:03:24
VC40,V22,Cuesta el Rodeo-Zambrano,2021-02-04 03:03:00,2021-02-04 04:02:41,00:59:41
VC40,V22,Cuesta el Rodeo-Zambrano,2021-02-04 10:22:47,2021-02-04 11:15:18,00:52:31
VC40,V22,Tamara-Durazno,2021-02-04 04:21:27,2021-02-04 04:36:13,00:14:46
VC40,V22,Tamara-Durazno,2021-02-04 06:18:14,2021-02-04 10:02:25,03:44:11
VC40,V22,Cervecería SA. Tegucigalpa,2021-02-04 04:37:29,2021-02-04 06:16:39,01:39:10
VC40,V22,Predio de Loginhsa,2021-02-04 17:55:17,2021-02-05 04:21:49,10:26:32
VC40,V22,Viveros CHSA área de ingreso,2021-02-04 17:50:30,2021-02-04 17:55:06,00:04:36
VC40,V22,Área de viveros de Refresco,2021-02-04 17:51:30,2021-02-04 17:55:05,00:03:35
VC40,V22,P40 Area de espera,2021-02-04 17:48:57,2021-02-04 17:49:08,00:00:11
VC40,V22,Area de viveros de Cerveza,2021-02-04 17:55:44,2021-02-04 19:11:11,01:15:27
VC40,V22,CHSA-Toyota,2021-02-04 17:32:11,2021-02-04 17:46:25,00:14:14
VC40,V22,Viveros,2021-02-04 17:50:30,2021-02-05 04:21:48,10:31:18
VC40,V22,Zambrano-Tamara,2021-02-04 04:02:42,2021-02-04 04:21:27,00:18:45
VC40,V22,Zambrano-Tamara,2021-02-04 10:02:26,2021-02-04 10:22:48,00:20:22
VC40,V22,Durazno-FFAA-Salida a Tegus,2021-02-04 04:36:14,2021-02-04 04:53:11,00:16:57
VC40,V22,Durazno-FFAA-Salida a Tegus,2021-02-04 05:57:00,2021-02-04 06:18:15,00:21:15
VC40,V22,Bulevar Fuerzar Armadas - CD La Granja,2021-02-04 04:53:10,2021-02-04 04:53:46,00:00:36
VC40,V22,Bulevar Fuerzar Armadas - CD La Granja,2021-02-04 05:55:12,2021-02-04 05:57:00,00:01:48
VC40,V22,Peaje Siguatepeque,2021-02-04 01:39:22,2021-02-04 01:42:17,00:02:55
VC40,V22,Peaje Siguatepeque,2021-02-04 12:34:26,2021-02-04 12:37:58,00:03:32
VC40,V22,Peaje Zambrano,2021-02-04 03:47:48,2021-02-04 03:50:16,00:02:28
VC40,V22,Peaje Zambrano,2021-02-04 10:34:54,2021-02-04 10:39:11,00:04:17
VC40,V22,Ingreso a predio,2021-02-04 17:48:00,2021-02-04 17:50:30,00:02:30
VC40,V22,"Area de Espera, Ingreso a CDLG",2021-02-04 04:53:36,2021-02-04 04:54:36,00:01:00
VC40,V22,"Area de Espera, Ingreso a CDLG",2021-02-04 05:55:43,2021-02-04 05:56:35,00:00:52
VC40,V22,CD La Granja,2021-02-04 04:54:56,2021-02-04 05:55:43,01:00:47
VC40,V22,20 calle -Toyota,2021-02-04 17:22:42,2021-02-04 17:32:11,00:09:29
VC40,V22,Recta de Yojoa,2021-02-05 14:59:10,2021-02-05 15:18:51,00:19:41
VC40,V22,Toyota-Villanueva,2021-02-05 13:37:26,2021-02-05 14:17:29,00:40:03
VC40,V22,Villanueva Centro,2021-02-05 14:17:28,2021-02-05 14:26:07,00:08:39
VC40,V22,Las Flores - La Guama,2021-02-05 15:33:52,2021-02-05 15:56:38,00:22:46
VC40,V22,La Guama - Lago de Yojoa,2021-02-05 15:56:39,2021-02-05 16:10:32,00:13:53
VC40,V22,Lago de Yojoa - Pito Solo,2021-02-05 16:10:33,2021-02-05 16:14:32,00:03:59
VC40,V22,Pito Solo - Jardines Taulabe,2021-02-05 16:14:31,2021-02-05 16:25:39,00:11:08
VC40,V22,Jardines - Siguatepeque,2021-02-05 16:25:38,2021-02-05 17:07:06,00:41:28
VC40,V22,Siguatepeque - Cuesta La Virgen,2021-02-05 17:07:05,2021-02-05 17:19:52,00:12:47
VC40,V22,Cuesta La Virgen - Comayagua,2021-02-05 17:19:52,2021-02-05 17:58:52,00:39:00
VC40,V22,"Comayagua - Las Flores, Comayagua",2021-02-05 17:58:51,2021-02-05 19:24:25,01:25:34
VC40,V22,"Flores, Comayagua, Cuesta el Rodeo",2021-02-05 19:24:25,2021-02-05 19:39:28,00:15:03
VC40,V22,Cuesta el Rodeo-Zambrano,2021-02-05 19:39:28,2021-02-05 20:32:22,00:52:54
VC40,V22,Tamara-Durazno,2021-02-05 20:53:54,2021-02-05 21:12:27,00:18:33
VC40,V22,Cervecería SA. Tegucigalpa,2021-02-05 21:15:17,2021-02-06 00:28:48,03:13:31
VC40,V22,Área de carga planta de cerveza 40,2021-02-05 12:27:16,2021-02-05 13:16:11,00:48:55
VC40,V22,Predio de Loginhsa,2021-02-05 05:28:33,2021-02-05 07:21:43,01:53:10
VC40,V22,Predio de Loginhsa,2021-02-05 10:12:37,2021-02-05 10:54:02,00:41:25
VC40,V22,Viveros CHSA área de ingreso,2021-02-05 05:25:46,2021-02-05 05:28:32,00:02:46
VC40,V22,Viveros CHSA área de ingreso,2021-02-05 07:21:43,2021-02-05 10:12:37,02:50:54
VC40,V22,Área de viveros de Refresco,2021-02-05 05:25:46,2021-02-05 05:28:32,00:02:46
VC40,V22,Área de viveros de Refresco,2021-02-05 07:21:43,2021-02-05 10:12:35,02:50:52
VC40,V22,P40 Area de espera,2021-02-05 12:43:24,2021-02-05 12:49:33,00:06:09
VC40,V22,P40 Area de espera,2021-02-05 13:16:11,2021-02-05 13:16:51,00:00:40
VC40,V22,Area de viveros de Cerveza,2021-02-05 10:54:18,2021-02-05 11:16:40,00:22:22
VC40,V22,CHSA-Toyota,2021-02-05 13:21:07,2021-02-05 13:32:12,00:11:05
VC40,V22,Area de espera Loginhsa-cerveza,2021-02-05 05:29:11,2021-02-05 05:29:38,00:00:27
VC40,V22,Area de espera Loginhsa-cerveza,2021-02-05 10:32:14,2021-02-05 10:54:18,00:22:04
VC40,V22,Taller de Flota-CHSA,2021-02-05 11:58:10,2021-02-05 11:58:26,00:00:16
VC40,V22,Planta General Cerveza,2021-02-05 11:16:40,2021-02-05 12:26:00,01:09:20
VC40,V22,Viveros,2021-02-05 05:25:46,2021-02-05 11:15:48,05:50:02
VC40,V22,Zambrano-Tamara,2021-02-05 20:32:22,2021-02-05 20:53:54,00:21:32
VC40,V22,Durazno-FFAA-Salida a Tegus,2021-02-05 21:12:28,2021-02-05 21:32:27,00:19:59
VC40,V22,SPS-Peaje Fesitran,2021-02-05 04:21:49,2021-02-05 05:25:47,01:03:58
VC40,V22,Bulevar Fuerzar Armadas - CD La Granja,2021-02-05 21:32:27,2021-02-05 21:32:29,00:00:02
VC40,V22,Peaje Siguatepeque,2021-02-05 17:16:31,2021-02-05 17:20:35,00:04:04
VC40,V22,Peaje Zambrano,2021-02-05 20:14:48,2021-02-05 20:14:53,00:00:05
VC40,V22,Ingreso a predio,2021-02-05 12:26:00,2021-02-05 12:49:34,00:23:34
VC40,V22,Ingreso a predio,2021-02-05 13:16:13,2021-02-05 13:18:18,00:02:05
VC40,V22,"Area de Espera, Ingreso a CDLG",2021-02-05 21:32:29,2021-02-05 22:22:38,00:50:09
VC40,V22,CD La Granja,2021-02-05 22:22:38,2021-02-06 00:10:20,01:47:42
VC40,V22,"Fila de Salida, Porton #8",2021-02-05 12:27:16,2021-02-05 13:16:13,00:48:57
VC40,V22,20 calle -Toyota,2021-02-05 13:32:12,2021-02-05 13:37:26,00:05:14
VC40,V22,Pito Solo - Jardines Taulabe,2021-02-06 07:06:41,,null
VC40,V22,Jardines - Siguatepeque,2021-02-06 06:33:47,2021-02-06 07:06:41,00:32:54
VC40,V22,Siguatepeque - Cuesta La Virgen,2021-02-06 06:24:11,2021-02-06 06:33:47,00:09:36
VC40,V22,Cuesta La Virgen - Comayagua,2021-02-06 05:55:25,2021-02-06 06:24:11,00:28:46
VC40,V22,"Comayagua - Las Flores, Comayagua",2021-02-06 02:02:09,2021-02-06 05:55:25,03:53:16
VC40,V22,"Flores, Comayagua, Cuesta el Rodeo",2021-02-06 01:54:48,2021-02-06 02:02:09,00:07:21
VC40,V22,Cuesta el Rodeo-Zambrano,2021-02-06 01:09:20,2021-02-06 01:54:48,00:45:28
VC40,V22,Tamara-Durazno,2021-02-06 00:30:00,2021-02-06 00:43:45,00:13:45
VC40,V22,Zambrano-Tamara,2021-02-06 00:43:45,2021-02-06 01:09:20,00:25:35
VC40,V22,Durazno-FFAA-Salida a Tegus,2021-02-06 00:11:30,2021-02-06 00:30:00,00:18:30
VC40,V22,Bulevar Fuerzar Armadas - CD La Granja,2021-02-06 00:10:19,2021-02-06 00:11:30,00:01:11
VC40,V22,Peaje Siguatepeque,2021-02-06 06:23:51,2021-02-06 06:24:40,00:00:49
VC40,V22,Peaje Zambrano,2021-02-06 01:20:13,2021-02-06 01:22:50,00:02:37
VC40,V22,"Area de Espera, Ingreso a CDLG",2021-02-06 00:10:19,2021-02-06 00:11:04,00:00:45
VC01,M10,Peaje La lima-Puente la Dem. Progreso,2021-02-01 05:24:37,2021-02-01 05:52:13,00:27:36
VC01,M10,Toyota-Villanueva,2021-02-01 23:56:14,2021-02-02 00:21:59,00:25:45
VC01,M10,Predio de Loginhsa,2021-02-01 06:23:02,2021-02-01 07:23:49,01:00:47
VC01,M10,Predio de Loginhsa,2021-02-01 07:26:05,2021-02-01 08:07:22,00:41:17
VC01,M10,Predio de Loginhsa,2021-02-01 15:16:46,2021-02-01 16:50:45,01:33:59
VC01,M10,Predio de Loginhsa,2021-02-01 21:04:07,2021-02-01 23:27:58,02:23:51
VC01,M10,Viveros CHSA área de ingreso,2021-02-01 06:33:16,2021-02-01 06:33:49,00:00:33
VC01,M10,Viveros CHSA área de ingreso,2021-02-01 07:23:59,2021-02-01 08:08:33,00:44:34
VC01,M10,Viveros CHSA área de ingreso,2021-02-01 15:12:26,2021-02-01 17:07:22,01:54:56
VC01,M10,Viveros CHSA área de ingreso,2021-02-01 23:27:58,2021-02-01 23:29:15,00:01:17
VC01,M10,Área de viveros de Refresco,2021-02-01 06:33:16,2021-02-01 06:33:48,00:00:32
VC01,M10,Área de viveros de Refresco,2021-02-01 07:23:48,2021-02-01 08:08:32,00:44:44
VC01,M10,Área de viveros de Refresco,2021-02-01 15:15:07,2021-02-01 17:07:12,01:52:05
VC01,M10,Área de viveros de Refresco,2021-02-01 23:28:12,2021-02-01 23:28:30,00:00:18
VC01,M10,P40 Area de espera,2021-02-01 06:14:05,2021-02-01 06:14:48,00:00:43
VC01,M10,Planta Refresco General,2021-02-01 17:07:35,2021-02-01 17:17:58,00:10:23
VC01,M10,Fila de salida,2021-02-01 17:18:23,2021-02-01 17:21:05,00:02:42
VC01,M10,Fila de salida,2021-02-01 20:15:08,2021-02-01 21:01:25,00:46:17
VC01,M10,Area de viveros de Cerveza,2021-02-01 06:16:02,2021-02-01 06:16:14,00:00:12
VC01,M10,Area de viveros de Cerveza,2021-02-01 23:29:28,2021-02-01 23:29:40,00:00:12
VC01,M10,SPS-Peaje La Lima,2021-02-01 05:52:13,2021-02-01 06:02:27,00:10:14
VC01,M10,SPS-Peaje La Lima,2021-02-01 23:43:38,2021-02-01 23:43:49,00:00:11
VC01,M10,CHSA-Toyota,2021-02-01 06:06:11,2021-02-01 06:10:48,00:04:37
VC01,M10,CHSA-Toyota,2021-02-01 23:35:15,2021-02-01 23:50:58,00:15:43
VC01,M10,"Segundo Anillo, SPS",2021-02-01 06:04:05,2021-02-01 06:04:16,00:00:11
VC01,M10,"Segundo Anillo, SPS",2021-02-01 08:16:34,2021-02-01 15:00:03,06:43:29
VC01,M10,Area del Guayago,2021-02-01 17:18:02,2021-02-01 17:18:23,00:00:21
VC01,M10,Viveros,2021-02-01 06:16:33,2021-02-01 08:08:34,01:52:01
VC01,M10,Viveros,2021-02-01 15:12:26,2021-02-01 17:07:13,01:54:47
VC01,M10,Viveros,2021-02-01 21:03:58,2021-02-01 23:29:16,02:25:18
VC01,M10,SPS-Peaje Fesitran,2021-02-01 08:08:47,2021-02-01 08:16:21,00:07:34
VC01,M10,SPS-Peaje Fesitran,2021-02-01 09:52:11,2021-02-01 10:57:24,01:05:13
VC01,M10,SPS-Peaje Fesitran,2021-02-01 11:21:33,2021-02-01 11:23:28,00:01:55
VC01,M10,SPS-Peaje Fesitran,2021-02-01 13:11:37,2021-02-01 13:11:57,00:00:20
VC01,M10,Ingreso a predio,2021-02-01 06:13:04,2021-02-01 06:16:33,00:03:29
VC01,M10,Ingreso a predio,2021-02-01 08:08:34,2021-02-01 08:08:47,00:00:13
VC01,M10,Ingreso a predio,2021-02-01 15:10:47,2021-02-01 15:12:26,00:01:39
VC01,M10,Ingreso a predio,2021-02-01 21:03:44,2021-02-01 21:03:58,00:00:14
VC01,M10,Ingreso a predio,2021-02-01 23:29:16,2021-02-01 23:32:13,00:02:57
VC01,M10,20 calle -Toyota,2021-02-01 23:50:58,2021-02-01 23:56:14,00:05:16
VC01,M10,Puente la Democracia Progreso,2021-02-01 05:16:52,2021-02-01 05:24:38,00:07:46
VC01,M10,Recta de Yojoa,2021-02-02 00:56:12,2021-02-02 04:26:49,03:30:37
VC01,M10,Villanueva Centro,2021-02-02 00:21:59,2021-02-02 00:24:15,00:02:16
VC01,M10,Las Flores - La Guama,2021-02-02 04:45:40,2021-02-02 05:02:34,00:16:54
VC01,M10,Las Flores - La Guama,2021-02-02 05:02:55,2021-02-02 05:11:41,00:08:46
VC01,M10,La Guama - Lago de Yojoa,2021-02-02 05:11:41,2021-02-02 05:27:06,00:15:25
VC01,M10,Lago de Yojoa - Pito Solo,2021-02-02 05:27:06,2021-02-02 05:32:26,00:05:20
VC01,M10,Pito Solo - Jardines Taulabe,2021-02-02 05:32:25,2021-02-02 05:43:37,00:11:12
VC01,M10,Pito Solo - Jardines Taulabe,2021-02-02 21:03:29,2021-02-03 03:22:27,06:18:58
VC01,M10,Jardines - Siguatepeque,2021-02-02 05:43:37,2021-02-02 06:33:58,00:50:21
VC01,M10,Jardines - Siguatepeque,2021-02-02 20:26:18,2021-02-02 21:03:29,00:37:11
VC01,M10,Siguatepeque - Cuesta La Virgen,2021-02-02 06:33:58,2021-02-02 06:56:19,00:22:21
VC01,M10,Siguatepeque - Cuesta La Virgen,2021-02-02 20:18:32,2021-02-02 20:26:18,00:07:46
VC01,M10,Cuesta La Virgen - Comayagua,2021-02-02 06:56:20,2021-02-02 07:38:13,00:41:53
VC01,M10,Cuesta La Virgen - Comayagua,2021-02-02 19:28:26,2021-02-02 20:18:33,00:50:07
VC01,M10,"Comayagua - Las Flores, Comayagua",2021-02-02 07:38:13,2021-02-02 09:27:03,01:48:50
VC01,M10,"Comayagua - Las Flores, Comayagua",2021-02-02 17:06:12,2021-02-02 19:28:26,02:22:14
VC01,M10,"Flores, Comayagua, Cuesta el Rodeo",2021-02-02 09:27:02,2021-02-02 09:39:27,00:12:25
VC01,M10,"Flores, Comayagua, Cuesta el Rodeo",2021-02-02 17:04:20,2021-02-02 17:06:12,00:01:52
VC01,M10,Cuesta el Rodeo-Zambrano,2021-02-02 09:39:27,2021-02-02 10:53:23,01:13:56
VC01,M10,Cuesta el Rodeo-Zambrano,2021-02-02 16:12:54,2021-02-02 17:04:20,00:51:26
VC01,M10,Tamara-Durazno,2021-02-02 11:26:43,2021-02-02 11:40:55,00:14:12
VC01,M10,Tamara-Durazno,2021-02-02 15:27:57,2021-02-02 15:41:19,00:13:22
VC01,M10,Cervecería SA. Tegucigalpa,2021-02-02 11:42:31,2021-02-02 15:27:20,03:44:49
VC01,M10,Zambrano-Tamara,2021-02-02 10:53:23,2021-02-02 11:26:44,00:33:21
VC01,M10,Zambrano-Tamara,2021-02-02 15:41:21,2021-02-02 16:12:55,00:31:34
VC01,M10,Durazno-FFAA-Salida a Tegus,2021-02-02 11:40:58,2021-02-02 12:24:13,00:43:15
VC01,M10,Durazno-FFAA-Salida a Tegus,2021-02-02 15:03:15,2021-02-02 15:27:58,00:24:43
VC01,M10,Bulevar Fuerzar Armadas - CD La Granja,2021-02-02 12:24:12,2021-02-02 12:24:48,00:00:36
VC01,M10,Bulevar Fuerzar Armadas - CD La Granja,2021-02-02 14:39:03,2021-02-02 15:03:15,00:24:12
VC01,M10,Peaje Siguatepeque,2021-02-02 06:54:00,2021-02-02 06:57:14,00:03:14
VC01,M10,Peaje Siguatepeque,2021-02-02 20:13:03,2021-02-02 20:18:39,00:05:36
VC01,M10,Peaje Zambrano,2021-02-02 10:19:44,2021-02-02 10:42:34,00:22:50
VC01,M10,Peaje Zambrano,2021-02-02 16:26:31,2021-02-02 16:29:48,00:03:17
VC01,M10,"Area de Espera, Ingreso a CDLG",2021-02-02 12:24:36,2021-02-02 13:18:36,00:54:00
VC01,M10,"Area de Espera, Ingreso a CDLG",2021-02-02 15:02:26,2021-02-02 15:02:33,00:00:07
VC01,M10,CD La Granja,2021-02-02 13:18:36,2021-02-02 15:02:27,01:43:51
VC01,M10,Recta de Yojoa,2021-02-03 03:59:10,2021-02-03 04:13:39,00:14:29
VC01,M10,Recta de Yojoa,2021-02-03 16:05:10,2021-02-03 16:20:54,00:15:44
VC01,M10,Toyota-Villanueva,2021-02-03 04:45:47,2021-02-03 05:08:58,00:23:11
VC01,M10,Toyota-Villanueva,2021-02-03 14:29:27,2021-02-03 15:33:09,01:03:42
VC01,M10,Villanueva Centro,2021-02-03 04:43:40,2021-02-03 04:45:47,00:02:07
VC01,M10,Villanueva Centro,2021-02-03 15:33:09,2021-02-03 15:38:02,00:04:53
VC01,M10,Las Flores - La Guama,2021-02-03 03:37:56,2021-02-03 03:53:57,00:16:01
VC01,M10,Las Flores - La Guama,2021-02-03 16:29:11,2021-02-03 16:49:14,00:20:03
VC01,M10,La Guama - Lago de Yojoa,2021-02-03 03:24:57,2021-02-03 03:37:57,00:13:00
VC01,M10,La Guama - Lago de Yojoa,2021-02-03 16:49:15,2021-02-03 18:10:20,01:21:05
VC01,M10,Lago de Yojoa - Pito Solo,2021-02-03 03:22:27,2021-02-03 03:24:58,00:02:31
VC01,M10,Lago de Yojoa - Pito Solo,2021-02-03 18:10:20,2021-02-03 18:13:28,00:03:08
VC01,M10,Pito Solo - Jardines Taulabe,2021-02-03 18:13:27,2021-02-03 18:24:04,00:10:37
VC01,M10,Jardines - Siguatepeque,2021-02-03 18:24:03,2021-02-03 19:03:59,00:39:56
VC01,M10,Siguatepeque - Cuesta La Virgen,2021-02-03 19:03:58,2021-02-03 19:07:57,00:03:59
VC01,M10,Cuesta La Virgen - Comayagua,2021-02-03 19:07:57,2021-02-03 19:45:48,00:37:51
VC01,M10,"Comayagua - Las Flores, Comayagua",2021-02-03 19:45:48,2021-02-03 20:17:13,00:31:25
VC01,M10,Jicaro Galan,2021-02-03 23:02:28,2021-02-03 23:03:29,00:01:01
VC01,M10,Jicaro Galan-San Lorenzo,2021-02-03 23:03:29,2021-02-03 23:15:49,00:12:20
VC01,M10,San Lorenzo,2021-02-03 23:15:49,2021-02-03 23:18:49,00:03:00
VC01,M10,San Lorenzo-Choluteca,2021-02-03 23:18:49,2021-02-04 00:05:58,00:47:09
VC01,M10,Área de carga planta de cerveza 40,2021-02-03 12:43:28,2021-02-03 12:43:39,00:00:11
VC01,M10,Predio de Loginhsa,2021-02-03 05:37:15,2021-02-03 07:07:31,01:30:16
VC01,M10,Predio de Loginhsa,2021-02-03 07:08:48,2021-02-03 07:43:11,00:34:23
VC01,M10,Predio de Loginhsa,2021-02-03 12:55:22,2021-02-03 13:35:45,00:40:23
VC01,M10,Viveros CHSA área de ingreso,2021-02-03 05:33:14,2021-02-03 05:37:15,00:04:01
VC01,M10,Viveros CHSA área de ingreso,2021-02-03 07:07:31,2021-02-03 08:17:27,01:09:56
VC01,M10,Viveros CHSA área de ingreso,2021-02-03 12:49:50,2021-02-03 12:55:20,00:05:30
VC01,M10,Viveros CHSA área de ingreso,2021-02-03 13:35:45,2021-02-03 13:39:56,00:04:11
VC01,M10,Área de viveros de Refresco,2021-02-03 05:36:47,2021-02-03 05:37:14,00:00:27
VC01,M10,Área de viveros de Refresco,2021-02-03 07:07:31,2021-02-03 08:17:26,01:09:55
VC01,M10,Área de viveros de Refresco,2021-02-03 12:49:50,2021-02-03 12:55:05,00:05:15
VC01,M10,Área de viveros de Refresco,2021-02-03 13:35:45,2021-02-03 13:36:08,00:00:23
VC01,M10,P40 Area de espera,2021-02-03 05:30:13,2021-02-03 05:33:15,00:03:02
VC01,M10,P40 Area de espera,2021-02-03 12:43:38,2021-02-03 12:44:08,00:00:30
VC01,M10,P40 Area de espera,2021-02-03 13:44:38,2021-02-03 13:45:25,00:00:47
VC01,M10,Planta Refresco General,2021-02-03 08:17:41,2021-02-03 10:06:14,01:48:33
VC01,M10,Fila de salida,2021-02-03 10:06:33,2021-02-03 12:41:21,02:34:48
VC01,M10,SPS-Peaje La Lima,2021-02-03 14:14:38,2021-02-03 14:14:48,00:00:10
VC01,M10,CHSA-Toyota,2021-02-03 05:13:28,2021-02-03 05:27:56,00:14:28
VC01,M10,CHSA-Toyota,2021-02-03 13:52:25,2021-02-03 14:24:51,00:32:26
VC01,M10,Area del Guayago,2021-02-03 10:06:14,2021-02-03 10:06:32,00:00:18
VC01,M10,Viveros,2021-02-03 05:33:15,2021-02-03 08:17:28,02:44:13
VC01,M10,Viveros,2021-02-03 12:49:50,2021-02-03 13:39:57,00:50:07
VC01,M10,Peaje Siguatepeque,2021-02-03 19:06:31,2021-02-03 19:08:38,00:02:07
VC01,M10,Canal Seco,2021-02-03 21:06:57,2021-02-03 21:12:35,00:05:38
VC01,M10,Villa de San Antonio / Tramo de Tierra,2021-02-03 20:17:13,2021-02-03 21:06:57,00:49:44
VC01,M10,San Juan de La Paz / El Amatillo,2021-02-03 21:12:34,2021-02-03 22:12:28,00:59:54
VC01,M10,El Amatillo / Nacaome,2021-02-03 22:13:35,2021-02-03 22:51:11,00:37:36
VC01,M10,Desvio el Amatillo,2021-02-03 22:12:27,2021-02-03 22:13:35,00:01:08
VC01,M10,Nacaome / Jicaro Galan,2021-02-03 22:51:24,2021-02-03 23:02:29,00:11:05
VC01,M10,Ingreso a predio,2021-02-03 05:29:34,2021-02-03 05:33:15,00:03:41
VC01,M10,Ingreso a predio,2021-02-03 12:42:43,2021-02-03 12:49:50,00:07:07
VC01,M10,Ingreso a predio,2021-02-03 13:39:57,2021-02-03 13:47:05,00:07:08
VC01,M10,20 calle -Toyota,2021-02-03 05:08:58,2021-02-03 05:13:28,00:04:30
VC01,M10,20 calle -Toyota,2021-02-03 14:24:50,2021-02-03 14:29:26,00:04:36
VC01,M10,Jicaro Galan,2021-02-04 20:16:47,2021-02-04 20:18:27,00:01:40
VC01,M10,Jicaro Galan-San Lorenzo,2021-02-04 20:03:48,2021-02-04 20:16:47,00:12:59
VC01,M10,San Lorenzo,2021-02-04 20:02:17,2021-02-04 20:03:48,00:01:31
VC01,M10,San Lorenzo-Choluteca,2021-02-04 16:52:31,2021-02-04 20:02:18,03:09:47
VC01,M10,Choluteca-CD Choluteca,2021-02-04 00:05:58,2021-02-04 01:26:23,01:20:25
VC01,M10,Choluteca-CD Choluteca,2021-02-04 01:47:16,2021-02-04 16:36:16,14:49:00
VC01,M10,Choluteca-CD Choluteca,2021-02-04 16:36:49,2021-02-04 16:52:31,00:15:42
VC01,M10,CD Choluteca 71,2021-02-04 01:26:22,2021-02-04 01:47:16,00:20:54
VC01,M10,San Juan de La Paz / El Amatillo,2021-02-04 22:55:05,2021-02-05 00:03:08,01:08:03
VC01,M10,El Amatillo / Nacaome,2021-02-04 20:44:22,2021-02-04 22:52:23,02:08:01
VC01,M10,Desvio el Amatillo,2021-02-04 22:52:22,2021-02-04 22:55:05,00:02:43
VC01,M10,Nacaome / Jicaro Galan,2021-02-04 20:18:26,2021-02-04 20:44:22,00:25:56
VC01,M10,Recta de Yojoa,2021-02-05 07:49:30,2021-02-05 08:47:54,00:58:24
VC01,M10,Recta de Yojoa,2021-02-05 21:23:09,2021-02-05 21:53:15,00:30:06
VC01,M10,Toyota-Villanueva,2021-02-05 10:37:05,2021-02-05 11:02:36,00:25:31
VC01,M10,Toyota-Villanueva,2021-02-05 19:23:24,2021-02-05 20:35:14,01:11:50
VC01,M10,Villanueva Centro,2021-02-05 10:34:32,2021-02-05 10:37:05,00:02:33
VC01,M10,Villanueva Centro,2021-02-05 20:35:13,2021-02-05 20:42:35,00:07:22
VC01,M10,Las Flores - La Guama,2021-02-05 07:29:59,2021-02-05 07:44:58,00:14:59
VC01,M10,Las Flores - La Guama,2021-02-05 22:02:30,2021-02-05 22:21:34,00:19:04
VC01,M10,La Guama - Lago de Yojoa,2021-02-05 07:17:57,2021-02-05 07:29:59,00:12:02
VC01,M10,La Guama - Lago de Yojoa,2021-02-05 22:21:35,2021-02-05 22:34:22,00:12:47
VC01,M10,Lago de Yojoa - Pito Solo,2021-02-05 07:15:18,2021-02-05 07:17:57,00:02:39
VC01,M10,Lago de Yojoa - Pito Solo,2021-02-05 22:34:22,2021-02-05 22:36:56,00:02:34
VC01,M10,Pito Solo - Jardines Taulabe,2021-02-05 02:55:52,2021-02-05 07:15:17,04:19:25
VC01,M10,Pito Solo - Jardines Taulabe,2021-02-05 22:36:55,2021-02-05 22:48:23,00:11:28
VC01,M10,Jardines - Siguatepeque,2021-02-05 02:21:39,2021-02-05 02:55:52,00:34:13
VC01,M10,Jardines - Siguatepeque,2021-02-05 22:48:23,2021-02-05 23:14:19,00:25:56
VC01,M10,Jardines - Siguatepeque,2021-02-05 23:14:20,2021-02-06 00:12:57,00:58:37
VC01,M10,Siguatepeque - Cuesta La Virgen,2021-02-05 02:10:53,2021-02-05 02:21:39,00:10:46
VC01,M10,Cuesta La Virgen - Comayagua,2021-02-05 01:36:55,2021-02-05 02:10:53,00:33:58
VC01,M10,"Comayagua - Las Flores, Comayagua",2021-02-05 01:04:10,2021-02-05 01:36:54,00:32:44
VC01,M10,Área de carga planta de cerveza 40,2021-02-05 17:41:28,2021-02-05 17:41:38,00:00:10
VC01,M10,Predio de Loginhsa,2021-02-05 11:34:56,2021-02-05 13:32:10,01:57:14
VC01,M10,Predio de Loginhsa,2021-02-05 14:43:03,2021-02-05 15:50:37,01:07:34
VC01,M10,Predio de Loginhsa,2021-02-05 17:48:45,2021-02-05 18:27:56,00:39:11
VC01,M10,Viveros CHSA área de ingreso,2021-02-05 11:27:55,2021-02-05 11:34:55,00:07:00
VC01,M10,Viveros CHSA área de ingreso,2021-02-05 13:32:10,2021-02-05 14:43:02,01:10:52
VC01,M10,Viveros CHSA área de ingreso,2021-02-05 15:50:36,2021-02-05 15:51:31,00:00:55
VC01,M10,Viveros CHSA área de ingreso,2021-02-05 17:44:24,2021-02-05 18:29:07,00:44:43
VC01,M10,Área de viveros de Refresco,2021-02-05 11:28:11,2021-02-05 11:34:36,00:06:25
VC01,M10,Área de viveros de Refresco,2021-02-05 13:32:10,2021-02-05 14:43:01,01:10:51
VC01,M10,Área de viveros de Refresco,2021-02-05 15:50:36,2021-02-05 15:51:28,00:00:52
VC01,M10,Área de viveros de Refresco,2021-02-05 18:27:56,2021-02-05 18:28:38,00:00:42
VC01,M10,P40 Area de espera,2021-02-05 11:25:45,2021-02-05 11:26:32,00:00:47
VC01,M10,P40 Area de espera,2021-02-05 17:41:47,2021-02-05 18:32:43,00:50:56
VC01,M10,Planta Refresco General,2021-02-05 15:51:40,2021-02-05 15:59:38,00:07:58
VC01,M10,"Andenes de Refresco, 41",2021-02-05 16:12:06,2021-02-05 17:02:33,00:50:27
VC01,M10,Fila de salida,2021-02-05 17:02:33,2021-02-05 17:38:12,00:35:39
VC01,M10,Area de viveros de Cerveza,2021-02-05 11:27:26,2021-02-05 11:27:48,00:00:22
VC01,M10,SPS-Peaje La Lima,2021-02-05 11:19:40,2021-02-05 11:19:56,00:00:16
VC01,M10,SPS-Peaje La Lima,2021-02-05 18:39:36,2021-02-05 18:52:06,00:12:30
VC01,M10,CHSA-Toyota,2021-02-05 11:09:16,2021-02-05 11:23:28,00:14:12
VC01,M10,CHSA-Toyota,2021-02-05 18:52:05,2021-02-05 19:03:08,00:11:03
VC01,M10,Area de espera Loginhsa-cerveza,2021-02-05 11:36:53,2021-02-05 11:37:03,00:00:10
VC01,M10,Area del Guayago,2021-02-05 15:57:09,2021-02-05 16:12:06,00:14:57
VC01,M10,Viveros,2021-02-05 11:27:45,2021-02-05 15:51:16,04:23:31
VC01,M10,Viveros,2021-02-05 17:44:24,2021-02-05 18:29:09,00:44:45
VC01,M10,Peaje Siguatepeque,2021-02-05 02:10:16,2021-02-05 02:11:35,00:01:19
VC01,M10,Canal Seco,2021-02-05 00:03:08,2021-02-05 00:10:58,00:07:50
VC01,M10,Villa de San Antonio / Tramo de Tierra,2021-02-05 00:10:58,2021-02-05 01:04:11,00:53:13
VC01,M10,Ingreso a predio,2021-02-05 11:25:08,2021-02-05 11:27:46,00:02:38
VC01,M10,Ingreso a predio,2021-02-05 17:41:11,2021-02-05 18:33:33,00:52:22
VC01,M10,20 calle -Toyota,2021-02-05 11:02:35,2021-02-05 11:09:31,00:06:56
VC01,M10,20 calle -Toyota,2021-02-05 19:03:07,2021-02-05 19:23:24,00:20:17
VC01,M10,Siguatepeque - Cuesta La Virgen,2021-02-06 00:12:56,2021-02-06 00:23:17,00:10:21
VC01,M10,Cuesta La Virgen - Comayagua,2021-02-06 00:23:18,2021-02-06 01:02:59,00:39:41
VC01,M10,"Comayagua - Las Flores, Comayagua",2021-02-06 01:02:58,2021-02-06 05:48:06,04:45:08
VC01,M10,Peaje Siguatepeque,2021-02-06 00:21:32,2021-02-06 00:23:56,00:02:24
VC01,M10,Canal Seco,2021-02-06 06:53:24,2021-02-06 07:02:52,00:09:28
VC01,M10,Villa de San Antonio / Tramo de Tierra,2021-02-06 05:48:06,2021-02-06 06:53:24,01:05:18
VC01,M10,San Juan de La Paz / El Amatillo,2021-02-06 07:02:52,2021-02-06 08:13:28,01:10:36
VC01,M10,El Amatillo / Nacaome,2021-02-06 08:14:15,2021-02-06 08:55:43,00:41:28
VC01,M10,Desvio el Amatillo,2021-02-06 08:13:28,2021-02-06 08:14:15,00:00:47
VC01,M10,Nacaome / Jicaro Galan,2021-02-06 08:55:43,,null
VC06,,Área de carga planta de cerveza 40,2021-02-01 08:58:35,2021-02-01 08:58:46,00:00:11
VC06,,Viveros CHSA área de ingreso,2021-02-01 08:51:58,2021-02-01 08:54:32,00:02:34
VC06,,Área de viveros de Refresco,2021-02-01 08:52:11,2021-02-01 08:54:31,00:02:20
VC06,,P40 Area de espera,2021-02-01 08:57:34,2021-02-01 08:58:26,00:00:52
VC06,,SPS-Peaje La Lima,2021-02-01 09:02:32,2021-02-01 09:11:29,00:08:57
VC06,,CHSA-Toyota,2021-02-01 09:08:33,2021-02-01 09:08:45,00:00:12
VC06,,"Segundo Anillo, SPS",2021-02-01 09:11:14,2021-02-01 09:19:01,00:07:47
VC06,,Ingreso a predio,2021-02-01 08:54:33,2021-02-01 08:59:23,00:04:50
VC06,,"Segundo Anillo, SPS",2021-02-04 10:14:57,2021-02-04 15:27:47,05:12:50
AAR-8806,MR62,Peaje La lima-Puente la Dem. Progreso,2021-02-01 05:21:58,2021-02-01 05:46:50,00:24:52
AAR-8806,MR62,Salida Socio Inversiones Alegria,2021-02-01 10:09:50,2021-02-01 10:11:20,00:01:30
AAR-8806,MR62,Salida Socio Inversiones Alegria,2021-02-01 18:08:47,2021-02-02 15:47:11,21:38:24
AAR-8806,MR62,SPS-Peaje La Lima,2021-02-01 05:04:43,2021-02-01 05:21:58,00:17:15
AAR-8806,MR62,CHSA-Toyota,2021-02-01 05:08:55,2021-02-01 05:09:10,00:00:15
AAR-8806,MR62,"Segundo Anillo, SPS",2021-02-01 05:10:44,2021-02-01 05:11:05,00:00:21
AAR-8806,MR62,Salida KeyMart,2021-02-01 05:03:09,2021-02-01 05:03:54,00:00:45
AAR-8806,MR62,Puente la Democracia Progreso,2021-02-01 05:46:50,2021-02-01 05:48:43,00:01:53
AAR-8806,MR62,Inversiones Alegria,2021-02-02 15:48:04,2021-02-02 17:02:19,01:14:15
AAR-8806,MR62,Salida Socio Inversiones Alegria,2021-02-02 15:47:24,2021-02-02 15:49:25,00:02:01
AAR-8806,MR62,Salida Socio Inversiones Alegria,2021-02-02 17:04:11,2021-02-02 21:02:25,03:58:14
AAR-8806,MR62,CHSA-Toyota,2021-02-02 21:02:25,2021-02-02 21:04:14,00:01:49
AAR-8806,MR62,Predio Emtrateca,2021-02-02 21:10:13,2021-02-03 09:00:52,11:50:39
AAR-8806,MR62,Salida KeyMart,2021-02-02 21:06:00,2021-02-02 21:06:26,00:00:26
AAR-8806,MR62,CD Comayagua 16,2021-02-03 20:10:48,2021-02-04 02:42:56,06:32:08
AAR-8806,MR62,Recta de Yojoa,2021-02-03 15:52:35,2021-02-03 16:32:30,00:39:55
AAR-8806,MR62,Toyota-Villanueva,2021-02-03 14:30:09,2021-02-03 15:20:40,00:50:31
AAR-8806,MR62,Villanueva Centro,2021-02-03 15:20:34,2021-02-03 15:24:34,00:04:00
AAR-8806,MR62,Las Flores - La Guama,2021-02-03 16:38:19,2021-02-03 16:58:39,00:20:20
AAR-8806,MR62,La Guama - Lago de Yojoa,2021-02-03 16:58:40,2021-02-03 17:13:23,00:14:43
AAR-8806,MR62,Lago de Yojoa - Pito Solo,2021-02-03 17:13:23,2021-02-03 17:16:46,00:03:23
AAR-8806,MR62,Pito Solo - Jardines Taulabe,2021-02-03 17:16:45,2021-02-03 17:52:47,00:36:02
AAR-8806,MR62,Jardines - Siguatepeque,2021-02-03 17:52:47,2021-02-03 19:03:58,01:11:11
AAR-8806,MR62,Siguatepeque - Cuesta La Virgen,2021-02-03 19:03:57,2021-02-03 19:13:43,00:09:46
AAR-8806,MR62,Cuesta La Virgen - Comayagua,2021-02-03 19:13:43,2021-02-03 19:53:59,00:40:16
AAR-8806,MR62,"Comayagua - Las Flores, Comayagua",2021-02-03 19:53:59,2021-02-03 20:08:23,00:14:24
AAR-8806,MR62,Viveros CHSA área de ingreso,2021-02-03 09:15:17,2021-02-03 10:10:56,00:55:39
AAR-8806,MR62,Área de viveros de Refresco,2021-02-03 09:14:57,2021-02-03 10:10:53,00:55:56
AAR-8806,MR62,Planta Refresco General,2021-02-03 10:10:57,2021-02-03 11:19:58,01:09:01
AAR-8806,MR62,Planta Refresco General,2021-02-03 11:22:57,2021-02-03 11:39:02,00:16:05
AAR-8806,MR62,"Andenes de Refresco, 41",2021-02-03 11:39:02,2021-02-03 11:59:48,00:20:46
AAR-8806,MR62,Fila de salida,2021-02-03 12:04:22,2021-02-03 13:04:16,00:59:54
AAR-8806,MR62,SPS-Peaje La Lima,2021-02-03 14:15:06,2021-02-03 14:15:11,00:00:05
AAR-8806,MR62,CHSA-Toyota,2021-02-03 14:04:55,2021-02-03 14:24:49,00:19:54
AAR-8806,MR62,Planta General Cerveza,2021-02-03 11:20:09,2021-02-03 11:22:27,00:02:18
AAR-8806,MR62,Area del Guayago,2021-02-03 11:59:48,2021-02-03 12:02:18,00:02:30
AAR-8806,MR62,Predio Emtrateca,2021-02-03 13:09:56,2021-02-03 13:43:40,00:33:44
AAR-8806,MR62,Viveros,2021-02-03 09:15:18,2021-02-03 10:10:58,00:55:40
AAR-8806,MR62,Puente Desnivel-CD de comayagua,2021-02-03 20:08:23,2021-02-03 20:10:49,00:02:26
AAR-8806,MR62,Peaje Siguatepeque,2021-02-03 19:13:24,2021-02-03 19:14:13,00:00:49
AAR-8806,MR62,Ingreso a predio,2021-02-03 09:13:41,2021-02-03 09:14:58,00:01:17
AAR-8806,MR62,Salida KeyMart,2021-02-03 13:04:33,2021-02-03 13:54:18,00:49:45
AAR-8806,MR62,20 calle -Toyota,2021-02-03 14:24:48,2021-02-03 14:30:10,00:05:22
AAR-8806,MR62,CD Tela,2021-02-04 21:20:49,2021-02-04 23:19:37,01:58:48
AAR-8806,MR62,Peaje La lima-Puente la Dem. Progreso,2021-02-04 18:24:13,2021-02-04 18:54:49,00:30:36
AAR-8806,MR62,Mall Mega Plaza Progreso-Guaymitas,2021-02-04 19:09:24,2021-02-04 19:32:59,00:23:35
AAR-8806,MR62,Guaymitas-Toyos,2021-02-04 19:32:59,2021-02-04 19:43:34,00:10:35
AAR-8806,MR62,Toyos-Pajuiles,2021-02-04 19:43:43,2021-02-04 19:54:58,00:11:15
AAR-8806,MR62,Pajuiles-posta Tela,2021-02-04 19:54:58,2021-02-04 20:33:43,00:38:45
AAR-8806,MR62,Pajuiles-posta Tela,2021-02-04 23:33:20,2021-02-05 08:06:06,08:32:46
AAR-8806,MR62,Tela,2021-02-04 20:33:42,2021-02-04 21:20:49,00:47:07
AAR-8806,MR62,Tela,2021-02-04 23:19:37,2021-02-04 23:33:21,00:13:44
AAR-8806,MR62,Toyota-Villanueva,2021-02-04 13:24:06,2021-02-04 13:24:07,00:00:01
AAR-8806,MR62,Salida CD Tela,2021-02-04 21:16:13,2021-02-04 21:20:49,00:04:36
AAR-8806,MR62,Salida CD Tela,2021-02-04 23:19:37,,null
AAR-8806,MR62,Fila de salida,2021-02-04 14:52:20,2021-02-04 15:04:32,00:12:12
AAR-8806,MR62,Fila de salida,2021-02-04 15:04:59,2021-02-04 17:06:05,02:01:06
AAR-8806,MR62,SPS-Peaje La Lima,2021-02-04 13:37:22,2021-02-04 13:37:31,00:00:09
AAR-8806,MR62,SPS-Peaje La Lima,2021-02-04 17:54:54,2021-02-04 18:24:14,00:29:20
AAR-8806,MR62,CHSA-Toyota,2021-02-04 13:28:07,2021-02-04 13:43:25,00:15:18
AAR-8806,MR62,CHSA-Toyota,2021-02-04 17:59:45,2021-02-04 17:59:56,00:00:11
AAR-8806,MR62,"Segundo Anillo, SPS",2021-02-04 18:06:36,2021-02-04 18:06:56,00:00:20
AAR-8806,MR62,Carga Crossdocking SPS,2021-02-04 15:08:17,2021-02-04 16:56:10,01:47:53
AAR-8806,MR62,Predio Emtrateca,2021-02-04 13:49:30,2021-02-04 14:42:36,00:53:06
AAR-8806,MR62,Predio Emtrateca,2021-02-04 17:14:38,2021-02-04 17:42:57,00:28:19
AAR-8806,MR62,SPS-Peaje Fesitran,2021-02-04 14:51:41,2021-02-04 14:51:51,00:00:10
AAR-8806,MR62,SPS-Peaje Fesitran,2021-02-04 17:06:18,2021-02-04 17:10:54,00:04:36
AAR-8806,MR62,Puente Desnivel-CD de comayagua,2021-02-04 02:42:56,2021-02-04 13:24:06,10:41:10
AAR-8806,MR62,Salida KeyMart,2021-02-04 13:44:29,2021-02-04 14:49:07,01:04:38
AAR-8806,MR62,Salida KeyMart,2021-02-04 17:52:03,2021-02-04 17:52:44,00:00:41
AAR-8806,MR62,20 calle -Toyota,2021-02-04 13:24:06,2021-02-04 13:28:07,00:04:01
AAR-8806,MR62,Puente la Democracia Progreso,2021-02-04 18:54:49,2021-02-04 19:09:25,00:14:36
AAR-8806,MR62,CD Santa Rosa,2021-02-05 19:23:07,2021-02-05 21:10:12,01:47:05
AAR-8806,MR62,CD Santa Rosa,2021-02-05 21:11:45,2021-02-05 21:27:33,00:15:48
AAR-8806,MR62,Peaje La lima-Puente la Dem. Progreso,2021-02-05 09:03:59,2021-02-05 09:24:34,00:20:35
AAR-8806,MR62,Mall Mega Plaza Progreso-Guaymitas,2021-02-05 08:32:36,2021-02-05 08:51:20,00:18:44
AAR-8806,MR62,Guaymitas-Toyos,2021-02-05 08:15:37,2021-02-05 08:32:36,00:16:59
AAR-8806,MR62,Toyos-Pajuiles,2021-02-05 08:06:06,2021-02-05 08:15:37,00:09:31
AAR-8806,MR62,Toyota-Villanueva,2021-02-05 14:54:52,2021-02-05 15:02:47,00:07:55
AAR-8806,MR62,Salida CD Santa Rosa,2021-02-05 19:22:22,2021-02-05 19:22:51,00:00:29
AAR-8806,MR62,Salida CD Santa Rosa,2021-02-05 21:10:12,2021-02-05 21:30:00,00:19:48
AAR-8806,MR62,Salida CD La Entrada,2021-02-05 18:03:24,2021-02-05 18:03:25,00:00:01
AAR-8806,MR62,Fila de salida,2021-02-05 10:32:19,2021-02-05 10:40:00,00:07:41
AAR-8806,MR62,Fila de salida,2021-02-05 13:34:21,2021-02-05 13:44:19,00:09:58
AAR-8806,MR62,SPS-Peaje La Lima,2021-02-05 09:24:34,2021-02-05 09:38:51,00:14:17
AAR-8806,MR62,CHSA-Toyota,2021-02-05 09:42:32,2021-02-05 09:45:32,00:03:00
AAR-8806,MR62,CHSA-Toyota,2021-02-05 14:32:31,2021-02-05 14:44:07,00:11:36
AAR-8806,MR62,"Segundo Anillo, SPS",2021-02-05 09:40:17,2021-02-05 09:40:37,00:00:20
AAR-8806,MR62,Carga Crossdocking SPS,2021-02-05 10:40:13,2021-02-05 13:34:22,02:54:09
AAR-8806,MR62,Predio Emtrateca,2021-02-05 09:51:16,2021-02-05 10:22:44,00:31:28
AAR-8806,MR62,Predio Emtrateca,2021-02-05 13:52:44,2021-02-05 14:25:55,00:33:11
AAR-8806,MR62,Inicio Cuesta La Vaca- Posta La Ceibita,2021-02-05 15:43:59,2021-02-05 15:55:05,00:11:06
AAR-8806,MR62,Posta La Ceibita - Camalote,2021-02-05 15:55:05,2021-02-05 16:14:15,00:19:10
AAR-8806,MR62,"Camalote, Entrada La Flecha",2021-02-05 16:14:15,2021-02-05 16:41:49,00:27:34
AAR-8806,MR62,Entrada La Flecha - Hamaca el Ciruelo,2021-02-05 16:41:49,2021-02-05 16:48:17,00:06:28
AAR-8806,MR62,Hamaca el Ciruelo - Entrada a Sula,2021-02-05 16:48:17,2021-02-05 17:02:31,00:14:14
AAR-8806,MR62,Entrada a Sula - Salida a Sula,2021-02-05 17:02:30,2021-02-05 17:04:32,00:02:02
AAR-8806,MR62,"Salida de Sula - Caleras, Salida de Chiquila",2021-02-05 17:04:41,2021-02-05 17:19:58,00:15:17
AAR-8806,MR62,"Caleras, Salida de Ciquila - Cementerio de Callejones",2021-02-05 17:19:57,2021-02-05 17:32:30,00:12:33
AAR-8806,MR62,Cementerio Callejones - Gasolinera Dipsa Entrada Copan,2021-02-05 17:32:30,2021-02-05 18:03:49,00:31:19
AAR-8806,MR62,Cementerio Callejones - Gasolinera Dipsa Entrada Copan,2021-02-05 23:35:39,2021-02-06 07:37:42,08:02:03
AAR-8806,MR62,Gasolinera Dipsa Entrada Copan - Ferry Llantas EC,2021-02-05 18:03:49,2021-02-05 18:09:38,00:05:49
AAR-8806,MR62,Gasolinera Dipsa Entrada Copan - Ferry Llantas EC,2021-02-05 23:04:06,2021-02-05 23:35:38,00:31:32
AAR-8806,MR62,"Ferri Llantas Salida E,C - Desvio Gracias Lempiras.",2021-02-05 18:09:38,2021-02-05 19:18:46,01:09:08
AAR-8806,MR62,"Ferri Llantas Salida E,C - Desvio Gracias Lempiras.",2021-02-05 22:11:54,2021-02-05 23:04:06,00:52:12
AAR-8806,MR62,Desvio Gracias Lempira - CD Santa Rosa,2021-02-05 19:18:45,2021-02-05 19:22:23,00:03:38
AAR-8806,MR62,Desvio Gracias Lempira - CD Santa Rosa,2021-02-05 21:30:00,2021-02-05 22:11:55,00:41:55
AAR-8806,MR62,Desvio Gracias Lempira - CD Santa Rosa,2021-02-05 19:18:45,2021-02-05 19:22:23,00:03:38
AAR-8806,MR62,Desvio Gracias Lempira - CD Santa Rosa,2021-02-05 21:30:00,2021-02-05 22:11:54,00:41:54
AAR-8806,MR62,Desvio Gracias Lempira - CD Santa Rosa,2021-02-05 19:18:45,2021-02-05 19:22:23,00:03:38
AAR-8806,MR62,Desvio Gracias Lempira - CD Santa Rosa,2021-02-05 21:30:00,2021-02-05 22:11:54,00:41:54
AAR-8806,MR62,Salida KeyMart,2021-02-05 09:46:20,2021-02-05 10:28:56,00:42:36
AAR-8806,MR62,Salida KeyMart,2021-02-05 13:45:59,2021-02-05 14:29:54,00:43:55
AAR-8806,MR62,20 calle -Toyota,2021-02-05 14:44:07,2021-02-05 14:54:52,00:10:45
AAR-8806,MR62,Puente la Democracia Progreso,2021-02-05 08:51:20,2021-02-05 09:03:59,00:12:39
AAR-8806,MR62,COL. LEMPIRA,2021-02-05 15:07:07,2021-02-05 15:09:45,00:02:38
AAR-8806,MR62,DESVIO A OCCIDENTE,2021-02-05 15:02:47,2021-02-05 15:07:08,00:04:21
AAR-8806,MR62,EL PALMAR,2021-02-05 15:11:18,2021-02-05 15:12:37,00:01:19
AAR-8806,MR62,Col. Lempira/El palmar,2021-02-05 15:09:45,2021-02-05 15:11:18,00:01:33
AAR-8806,MR62,CARRETERA A OCCIDENTE,2021-02-05 15:12:36,2021-02-05 15:24:22,00:11:46
AAR-8806,MR62,BRISAS DEL VALLE,2021-02-05 15:24:22,2021-02-05 15:28:06,00:03:44
AAR-8806,MR62,Cofradia/Ceibita,2021-02-05 15:28:05,2021-02-05 15:43:59,00:15:54
AAR-8806,MR62,Salida CD La Entrada,2021-02-06 07:11:09,2021-02-06 07:11:31,00:00:22
AAR-8806,MR62,"Camalote, Entrada La Flecha",2021-02-06 08:16:50,,null
AAR-8806,MR62,Entrada La Flecha - Hamaca el Ciruelo,2021-02-06 08:09:23,2021-02-06 08:16:50,00:07:27
AAR-8806,MR62,Hamaca el Ciruelo - Entrada a Sula,2021-02-06 07:58:01,2021-02-06 08:09:23,00:11:22
AAR-8806,MR62,Entrada a Sula - Salida a Sula,2021-02-06 07:57:29,2021-02-06 07:58:01,00:00:32
AAR-8806,MR62,"Salida de Sula - Caleras, Salida de Chiquila",2021-02-06 07:56:51,2021-02-06 07:57:29,00:00:38
AAR-8806,MR62,"Caleras, Salida de Ciquila - Cementerio de Callejones",2021-02-06 07:37:41,2021-02-06 07:56:52,00:19:11
VC17,V41,Area de espera Loginhsa-cerveza,2021-02-02 05:42:16,2021-02-05 11:56:15,78:13:59
VC17,V03,Recta de Yojoa,2021-02-05 16:37:25,2021-02-05 16:52:24,00:14:59
VC17,V03,Toyota-Villanueva,2021-02-05 15:22:16,2021-02-05 15:50:46,00:28:30
VC17,V03,Villanueva Centro,2021-02-05 15:50:45,2021-02-05 16:05:46,00:15:01
VC17,V03,Las Flores - La Guama,2021-02-05 17:05:42,2021-02-05 17:28:37,00:22:55
VC17,V03,La Guama - Lago de Yojoa,2021-02-05 17:28:38,2021-02-05 17:41:13,00:12:35
VC17,V03,Lago de Yojoa - Pito Solo,2021-02-05 17:41:14,2021-02-05 17:45:40,00:04:26
VC17,V03,Pito Solo - Jardines Taulabe,2021-02-05 17:45:40,2021-02-05 18:15:52,00:30:12
VC17,V03,Jardines - Siguatepeque,2021-02-05 18:15:52,2021-02-05 19:05:49,00:49:57
VC17,V03,Siguatepeque - Cuesta La Virgen,2021-02-05 19:05:49,2021-02-05 19:29:44,00:23:55
VC17,V03,Cuesta La Virgen - Comayagua,2021-02-05 19:29:44,2021-02-05 20:15:15,00:45:31
VC17,V03,"Comayagua - Las Flores, Comayagua",2021-02-05 20:15:15,2021-02-05 21:09:00,00:53:45
VC17,V03,"Flores, Comayagua, Cuesta el Rodeo",2021-02-05 21:09:00,2021-02-05 21:25:02,00:16:02
VC17,V03,Cuesta el Rodeo-Zambrano,2021-02-05 21:25:02,2021-02-05 22:06:24,00:41:22
VC17,V03,Tamara-Durazno,2021-02-05 22:32:23,2021-02-05 22:47:48,00:15:25
VC17,V03,Cervecería SA. Tegucigalpa,2021-02-05 22:48:59,2021-02-05 23:08:01,00:19:02
VC17,V03,Rio Abajo-Casa Quemada,2021-02-05 23:27:21,2021-02-06 00:05:02,00:37:41
VC17,V41,Viveros CHSA área de ingreso,2021-02-05 12:24:44,2021-02-05 12:25:13,00:00:29
VC17,V03,Fila de salida,2021-02-05 12:34:18,2021-02-05 12:50:34,00:16:16
VC17,V41,Area de espera Loginhsa-cerveza,2021-02-05 12:14:43,2021-02-05 12:16:32,00:01:49
VC17,V03,"33 calle, SPS",2021-02-05 15:09:44,2021-02-05 15:16:57,00:07:13
VC17,V03,"Segundo Anillo, SPS",2021-02-05 14:36:56,2021-02-05 15:09:44,00:32:48
VC17,V03,Zambrano-Tamara,2021-02-05 22:06:25,2021-02-05 22:32:24,00:25:59
VC17,V03,Durazno-FFAA-Salida a Tegus,2021-02-05 22:47:49,2021-02-05 22:58:24,00:10:35
VC17,V03,SPS-Peaje Fesitran,2021-02-05 12:50:34,2021-02-05 13:03:08,00:12:34
VC17,V03,SPS-Peaje Fesitran,2021-02-05 14:42:48,2021-02-05 14:43:44,00:00:56
VC17,V03,Bulevar Fuerzas Armadas - Rio Abajo,2021-02-05 22:58:23,2021-02-05 23:14:03,00:15:40
VC17,V03,Bulevar Fuerzas Armadas - Rio Abajo,2021-02-05 23:14:29,2021-02-05 23:27:21,00:12:52
VC17,V03,Peaje Siguatepeque,2021-02-05 19:18:48,2021-02-05 19:29:44,00:10:56
VC17,V41,Ingreso a predio,2021-02-05 12:25:14,2021-02-05 12:28:11,00:02:57
VC17,V03,Aldesa 02,2021-02-05 13:03:34,2021-02-05 14:42:49,01:39:15
VC17,V03,20 calle -Toyota,2021-02-05 15:16:57,2021-02-05 15:22:16,00:05:19
VC17,V03,CD Talanga 20,2021-02-06 00:42:16,2021-02-06 06:24:59,05:42:43
VC17,V03,Casa Quemada-Talanga,2021-02-06 00:05:01,2021-02-06 00:32:17,00:27:16
VC17,V03,CUENTA PALMIRA ACERRADEROS,2021-02-06 00:39:58,2021-02-06 00:40:34,00:00:36
VC17,V03,CUENTA PALMIRA ACERRADEROS,2021-02-06 06:24:59,2021-02-06 06:25:33,00:00:34
VC17,V03,Talanga-Curva Guaymaca,2021-02-06 06:25:32,2021-02-06 06:45:07,00:19:35
VC17,V03,Curva Guaymaca,2021-02-06 06:45:07,2021-02-06 06:50:06,00:04:59
VC17,V03,Curva- Guaymaca,2021-02-06 06:50:06,2021-02-06 07:16:06,00:26:00
VC17,V03,Guaymaca,2021-02-06 07:16:06,2021-02-06 07:21:06,00:05:00
VC17,V03,Guaymaca-Campamento,2021-02-06 07:21:06,2021-02-06 07:56:38,00:35:32
VC17,V03,Campamento,2021-02-06 07:56:37,2021-02-06 07:58:56,00:02:19
VC17,V03,Campamento-Entrada Limones,2021-02-06 07:58:56,2021-02-06 08:14:55,00:15:59
VC17,V03,Entrada Limones a Desvio Concordia,2021-02-06 08:14:54,2021-02-06 08:19:55,00:05:01
VC17,V03,Desvio Concordia-Lepaguare,2021-02-06 08:19:55,2021-02-06 09:04:36,00:44:41
VC17,V03,Curva Peligrosa Lepaguare,2021-02-06 09:04:35,,null
VC17,V03,Talanga,2021-02-06 00:32:16,2021-02-06 00:39:58,00:07:42
VC17,V03,"CD Talanga, Area de Espera",2021-02-06 00:40:34,2021-02-06 00:41:18,00:00:44
VC14 V13,,Recta de Yojoa,2021-02-02 09:56:55,2021-02-02 10:28:11,00:31:16
VC14 V13,,Toyota-Villanueva,2021-02-02 08:57:28,2021-02-02 09:24:01,00:26:33
VC14 V13,,Villanueva Centro,2021-02-02 09:24:01,2021-02-02 09:34:58,00:10:57
VC14 V13,,Las Flores - La Guama,2021-02-02 10:32:53,2021-02-02 11:02:29,00:29:36
VC14 V13,,La Guama - Lago de Yojoa,2021-02-02 11:02:29,2021-02-02 11:20:17,00:17:48
VC14 V13,,Lago de Yojoa - Pito Solo,2021-02-02 11:20:18,2021-02-02 11:25:52,00:05:34
VC14 V13,,Pito Solo - Jardines Taulabe,2021-02-02 11:25:51,2021-02-02 11:38:45,00:12:54
VC14 V13,,Jardines - Siguatepeque,2021-02-02 11:38:44,2021-02-02 12:25:37,00:46:53
VC14 V13,,Siguatepeque - Cuesta La Virgen,2021-02-02 12:25:37,2021-02-02 12:51:14,00:25:37
VC14 V13,,Cuesta La Virgen - Comayagua,2021-02-02 12:51:15,2021-02-02 13:38:29,00:47:14
VC14 V13,,"Comayagua - Las Flores, Comayagua",2021-02-02 13:38:29,2021-02-02 14:48:30,01:10:01
VC14 V13,,"Flores, Comayagua, Cuesta el Rodeo",2021-02-02 14:48:30,2021-02-02 14:55:47,00:07:17
VC14 V13,,Cuesta el Rodeo-Zambrano,2021-02-02 14:55:47,2021-02-02 15:55:28,00:59:41
VC14 V13,,Tamara-Durazno,2021-02-02 16:21:02,2021-02-02 16:40:56,00:19:54
VC14 V13,,Cervecería SA. Tegucigalpa,2021-02-02 16:42:05,2021-02-03 16:40:57,23:58:52
VC14 V13,,Viveros CHSA área de ingreso,2021-02-02 08:29:12,2021-02-02 08:32:29,00:03:17
VC14 V13,,CHSA-Toyota,2021-02-02 08:35:56,2021-02-02 08:48:24,00:12:28
VC14 V13,,Zambrano-Tamara,2021-02-02 15:55:32,2021-02-02 16:21:03,00:25:31
VC14 V13,,Durazno-FFAA-Salida a Tegus,2021-02-02 16:40:56,2021-02-02 17:04:10,00:23:14
VC14 V13,,Durazno-FFAA-Salida a Tegus,2021-02-02 22:29:58,2021-02-03 16:40:58,18:11:00
VC14 V13,,Bulevar Fuerzar Armadas - CD La Granja,2021-02-02 22:28:53,2021-02-02 22:29:08,00:00:15
VC14 V13,,Peaje Siguatepeque,2021-02-02 12:47:41,2021-02-02 12:51:15,00:03:34
VC14 V13,,Ingreso a predio,2021-02-02 08:32:30,2021-02-02 08:32:49,00:00:19
VC14 V13,,"Area de Espera, Ingreso a CDLG",2021-02-02 17:04:09,2021-02-02 20:04:30,03:00:21
VC14 V13,,"Area de Espera, Ingreso a CDLG",2021-02-02 22:28:53,2021-02-02 22:29:59,00:01:06
VC14 V13,,CD La Granja,2021-02-02 20:04:30,2021-02-02 22:28:53,02:24:23
VC14 V13,,20 calle -Toyota,2021-02-02 08:48:23,2021-02-02 08:57:28,00:09:05
VC14 V13,,Predio de Loginhsa,2021-02-03 16:40:57,2021-02-04 07:55:32,15:14:35
VC14 V13,,Viveros,2021-02-03 16:40:57,2021-02-04 08:00:00,15:19:03
VC14 V13,,Recta de Yojoa,2021-02-04 12:50:39,2021-02-04 13:15:39,00:25:00
VC14 V13,,Toyota-Villanueva,2021-02-04 11:35:21,2021-02-04 11:58:01,00:22:40
VC14 V13,,Villanueva Centro,2021-02-04 11:58:01,2021-02-04 12:03:01,00:05:00
VC14 V13,,Las Flores - La Guama,2021-02-04 13:24:43,2021-02-04 13:53:50,00:29:07
VC14 V13,,La Guama - Lago de Yojoa,2021-02-04 13:53:50,2021-02-04 15:52:29,01:58:39
VC14 V13,,Lago de Yojoa - Pito Solo,2021-02-04 15:52:29,2021-02-04 15:52:30,00:00:01
VC14 V13,,Pito Solo - Jardines Taulabe,2021-02-04 15:52:30,2021-02-04 15:58:41,00:06:11
VC14 V13,,Jardines - Siguatepeque,2021-02-04 15:58:40,2021-02-04 16:46:32,00:47:52
VC14 V13,,Siguatepeque - Cuesta La Virgen,2021-02-04 16:46:31,2021-02-04 17:05:07,00:18:36
VC14 V13,,Cuesta La Virgen - Comayagua,2021-02-04 17:05:07,2021-02-04 17:51:33,00:46:26
VC14 V13,,"Comayagua - Las Flores, Comayagua",2021-02-04 17:51:32,2021-02-04 19:15:08,01:23:36
VC14 V13,,"Flores, Comayagua, Cuesta el Rodeo",2021-02-04 19:15:07,2021-02-04 19:15:12,00:00:05
VC14 V13,,Cuesta el Rodeo-Zambrano,2021-02-04 19:15:13,2021-02-04 20:42:50,01:27:37
VC14 V13,,Tamara-Durazno,2021-02-04 21:15:38,2021-02-04 21:32:35,00:16:57
VC14 V13,,Cervecería SA. Tegucigalpa,2021-02-04 21:33:35,2021-02-04 22:13:22,00:39:47
VC14 V13,,Predio de Loginhsa,2021-02-04 08:26:08,2021-02-04 09:13:40,00:47:32
VC14 V13,,Viveros CHSA área de ingreso,2021-02-04 07:55:32,2021-02-04 08:26:07,00:30:35
VC14 V13,,Viveros CHSA área de ingreso,2021-02-04 09:13:40,2021-02-04 09:14:51,00:01:11
VC14 V13,,Área de viveros de Refresco,2021-02-04 07:55:32,2021-02-04 07:59:58,00:04:26
VC14 V13,,Área de viveros de Refresco,2021-02-04 09:13:40,2021-02-04 09:14:50,00:01:10
VC14 V13,,Planta Refresco General,2021-02-04 07:59:59,2021-02-04 08:03:17,00:03:18
VC14 V13,,Fila de salida,2021-02-04 08:03:18,2021-02-04 08:18:24,00:15:06
VC14 V13,,Fila de salida,2021-02-04 09:22:32,2021-02-04 09:34:17,00:11:45
VC14 V13,,CHSA-Toyota,2021-02-04 11:06:15,2021-02-04 11:21:50,00:15:35
VC14 V13,,Viveros,2021-02-04 08:23:33,2021-02-04 09:14:52,00:51:19
VC14 V13,,Zambrano-Tamara,2021-02-04 20:42:50,2021-02-04 21:15:39,00:32:49
VC14 V13,,Durazno-FFAA-Salida a Tegus,2021-02-04 21:32:35,2021-02-04 22:15:47,00:43:12
VC14 V13,,Salida Tegus-Villanueva,2021-02-04 22:15:48,2021-02-04 22:26:49,00:11:01
VC14 V13,,Villanueva-Ojo de Agua,2021-02-04 22:26:49,2021-02-05 04:17:27,05:50:38
VC14 V13,,Peaje Siguatepeque,2021-02-04 16:56:46,2021-02-04 17:05:08,00:08:22
VC14 V13,,Peaje Zambrano,2021-02-04 19:53:15,2021-02-04 20:32:31,00:39:16
VC14 V13,,Ingreso a predio,2021-02-04 08:21:12,2021-02-04 08:23:33,00:02:21
VC14 V13,,Ingreso a predio,2021-02-04 09:14:53,2021-02-04 09:40:20,00:25:27
VC14 V13,,Bodega KEYMART,2021-02-04 09:42:46,2021-02-04 10:35:23,00:52:37
VC14 V13,,Salida KeyMart,2021-02-04 10:58:10,2021-02-04 11:03:09,00:04:59
VC14 V13,,20 calle -Toyota,2021-02-04 11:21:50,2021-02-04 11:35:17,00:13:27
VC14 V13,,CD Danli,2021-02-05 06:21:00,2021-02-05 07:53:30,01:32:30
VC14 V13,,Area de Espera CD Danli,2021-02-05 05:40:55,2021-02-05 06:19:10,00:38:15
VC14 V13,,Area de Espera CD Danli,2021-02-05 07:52:47,2021-02-05 07:53:07,00:00:20
VC14 V13,,Ojo de Agua- Jacaleapa,2021-02-05 04:17:26,2021-02-05 05:09:15,00:51:49
VC14 V13,,Jacaleapa- Entrada a Danli,2021-02-05 05:09:15,2021-02-05 05:32:44,00:23:29
VC14 V13,,Entrada a Danli-CD Danli,2021-02-05 05:32:43,2021-02-05 06:21:00,00:48:17
VC14 V13,,Entrada a Danli-CD Danli,2021-02-05 07:53:48,2021-02-05 08:10:29,00:16:41
VC14 V13,,"Comayagua - Las Flores, Comayagua",2021-02-06 08:55:38,,null
VC14 V13,,Cuesta el Rodeo-Zambrano,2021-02-06 07:56:46,2021-02-06 08:55:38,00:58:52
VC14 V13,,Tamara-Durazno,2021-02-06 07:02:46,2021-02-06 07:16:34,00:13:48
VC14 V13,,Cervecería SA. Tegucigalpa,2021-02-06 06:36:47,2021-02-06 06:59:53,00:23:06
VC14 V13,,Zambrano-Tamara,2021-02-06 07:16:34,2021-02-06 07:56:47,00:40:13
VC14 V13,,Durazno-FFAA-Salida a Tegus,2021-02-06 06:36:47,2021-02-06 07:02:46,00:25:59
VC14 V13,,Salida Tegus-Villanueva,2021-02-06 06:21:09,2021-02-06 06:36:48,00:15:39
VC14 V13,,Villanueva-Ojo de Agua,2021-02-06 04:28:18,2021-02-06 06:21:09,01:52:51
VC14 V13,,Ojo de Agua- Jacaleapa,2021-02-06 03:38:29,2021-02-06 04:28:18,00:49:49
VC14 V13,,Jacaleapa- Entrada a Danli,2021-02-06 03:28:07,2021-02-06 03:38:29,00:10:22
VC14 V13,,Entrada a Danli-CD Danli,2021-02-06 03:23:07,2021-02-06 03:28:08,00:05:01
VC15,V05,Peaje La lima-Puente la Dem. Progreso,2021-02-01 20:09:41,2021-02-01 20:39:35,00:29:54
VC15,V05,Mall Mega Plaza Progreso-Guaymitas,2021-02-01 20:47:22,2021-02-01 21:12:28,00:25:06
VC15,V05,Guaymitas-Toyos,2021-02-01 21:12:27,2021-02-01 21:24:03,00:11:36
VC15,V05,Toyos-Pajuiles,2021-02-01 21:24:03,2021-02-01 21:38:51,00:14:48
VC15,V05,Pajuiles-posta Tela,2021-02-01 21:38:51,2021-02-01 22:38:18,00:59:27
VC15,V05,Tela,2021-02-01 22:38:18,2021-02-01 22:51:14,00:12:56
VC15,V05,Hicaque-Arizona,2021-02-01 23:09:12,2021-02-01 23:23:08,00:13:56
VC15,V05,Arizona-San Juan Pueblo,2021-02-01 23:23:08,2021-02-01 23:37:31,00:14:23
VC15,V05,San Juan Pueblo-Entrada la ceiba,2021-02-01 23:37:31,2021-02-02 00:20:11,00:42:40
VC15,V05,Predio de Loginhsa,2021-02-01 16:48:19,2021-02-01 19:29:35,02:41:16
VC15,V05,Viveros CHSA área de ingreso,2021-02-01 16:48:03,2021-02-01 16:48:16,00:00:13
VC15,V05,Viveros CHSA área de ingreso,2021-02-01 19:29:34,2021-02-01 19:33:13,00:03:39
VC15,V05,Área de viveros de Refresco,2021-02-01 19:29:34,2021-02-01 19:33:12,00:03:38
VC15,V05,P40 Area de espera,2021-02-01 16:42:31,2021-02-01 16:42:59,00:00:28
VC15,V05,Planta Refresco General,2021-02-01 14:02:32,2021-02-01 16:03:12,02:00:40
VC15,V05,Fila de salida,2021-02-01 16:04:24,2021-02-01 16:34:46,00:30:22
VC15,V05,SPS-Peaje La Lima,2021-02-01 19:41:18,2021-02-01 20:09:42,00:28:24
VC15,V05,Viveros,2021-02-01 13:36:34,2021-02-01 13:59:58,00:23:24
VC15,V05,Viveros,2021-02-01 16:48:03,2021-02-01 19:33:14,02:45:11
VC15,V05,SPS-Peaje Fesitran,2021-02-01 13:59:58,2021-02-01 14:02:33,00:02:35
VC15,V05,Tela-Hicaque,2021-02-01 22:51:14,2021-02-01 23:05:54,00:14:40
VC15,V05,Ingreso a predio,2021-02-01 16:41:01,2021-02-01 16:48:04,00:07:03
VC15,V05,Ingreso a predio,2021-02-01 19:33:14,2021-02-01 19:36:19,00:03:05
VC15,V05,Puente la Democracia Progreso,2021-02-01 20:39:35,2021-02-01 20:47:22,00:07:47
VC15,V05,Peaje La lima-Puente la Dem. Progreso,2021-02-02 18:41:10,2021-02-02 19:02:42,00:21:32
VC15,V05,Mall Mega Plaza Progreso-Guaymitas,2021-02-02 17:48:45,2021-02-02 18:05:24,00:16:39
VC15,V05,Guaymitas-Toyos,2021-02-02 15:27:38,2021-02-02 17:48:46,02:21:08
VC15,V05,Toyos-Pajuiles,2021-02-02 15:13:46,2021-02-02 15:27:38,00:13:52
VC15,V05,Pajuiles-posta Tela,2021-02-02 13:43:50,2021-02-02 15:13:46,01:29:56
VC15,V05,Tela,2021-02-02 13:27:40,2021-02-02 13:43:50,00:16:10
VC15,V05,Hicaque-Arizona,2021-02-02 12:58:41,2021-02-02 13:11:47,00:13:06
VC15,V05,Arizona-San Juan Pueblo,2021-02-02 12:44:56,2021-02-02 12:58:41,00:13:45
VC15,V05,San Juan Pueblo-Entrada la ceiba,2021-02-02 00:25:06,2021-02-02 00:47:31,00:22:25
VC15,V05,San Juan Pueblo-Entrada la ceiba,2021-02-02 11:42:19,2021-02-02 12:44:56,01:02:37
VC15,V05,Entrada La ceiba- Salida La ceiba,2021-02-02 00:47:31,2021-02-02 00:52:34,00:05:03
VC15,V05,Entrada La ceiba- Salida La ceiba,2021-02-02 11:32:59,2021-02-02 11:42:20,00:09:21
VC15,V05,Salida La Ceiba - CD Ceiba,2021-02-02 00:52:34,2021-02-02 01:05:32,00:12:58
VC15,V05,Salida La Ceiba - CD Ceiba,2021-02-02 11:23:07,2021-02-02 11:32:59,00:09:52
VC15,V05,Predio de Loginhsa,2021-02-02 19:28:27,2021-02-02 20:29:35,01:01:08
VC15,V05,Predio de Loginhsa,2021-02-02 21:48:54,2021-02-05 15:36:30,65:47:36
VC15,V05,Viveros CHSA área de ingreso,2021-02-02 20:29:34,2021-02-02 21:48:54,01:19:20
VC15,V05,Área de viveros de Refresco,2021-02-02 20:29:34,2021-02-02 21:48:53,01:19:19
VC15,V05,CD Saba 15,2021-02-02 06:32:31,2021-02-02 09:05:49,02:33:18
VC15,V05,Salida CD Saba,2021-02-02 06:19:32,2021-02-02 06:32:32,00:13:00
VC15,V05,Salida CD Saba,2021-02-02 09:05:49,2021-02-02 09:08:00,00:02:11
VC15,V05,SPS-Peaje La Lima,2021-02-02 19:02:42,2021-02-02 19:12:51,00:10:09
VC15,V05,CHSA-Toyota,2021-02-02 19:16:11,2021-02-02 19:21:02,00:04:51
VC15,V05,Viveros,2021-02-02 19:28:26,2021-02-05 15:46:28,68:18:02
VC15,V05,Ceiba-Jutiapa,2021-02-02 01:07:41,2021-02-02 04:47:04,03:39:23
VC15,V05,Ceiba-Jutiapa,2021-02-02 10:26:59,2021-02-02 11:13:07,00:46:08
VC15,V05,Jutiapa-Sonaguera,2021-02-02 04:47:03,2021-02-02 05:57:54,01:10:51
VC15,V05,Jutiapa-Sonaguera,2021-02-02 09:38:01,2021-02-02 10:27:00,00:48:59
VC15,V05,Sonaguera-Saba,2021-02-02 05:57:54,2021-02-02 06:19:33,00:21:39
VC15,V05,Sonaguera-Saba,2021-02-02 09:08:01,2021-02-02 09:38:01,00:30:00
VC15,V05,Tela-Hicaque,2021-02-02 13:18:29,2021-02-02 13:27:40,00:09:11
VC15,V05,CD Ceiba-Muelle Cabotaje,2021-02-02 01:05:32,2021-02-02 01:07:41,00:02:09
VC15,V05,CD Ceiba-Muelle Cabotaje,2021-02-02 11:13:07,2021-02-02 11:23:08,00:10:01
VC15,V05,Ingreso a predio,2021-02-02 19:23:23,2021-02-02 19:28:27,00:05:04
VC15,V05,Puente la Democracia Progreso,2021-02-02 18:05:24,2021-02-02 18:41:11,00:35:47
VC15,V05,Area de viveros de Cerveza,2021-02-04 20:34:26,2021-02-04 22:41:00,02:06:34
VC15,V05,Recta de Yojoa,2021-02-05 22:26:06,2021-02-05 22:46:54,00:20:48
VC15,V05,Toyota-Villanueva,2021-02-05 21:11:39,2021-02-05 21:36:06,00:24:27
VC15,V05,Villanueva Centro,2021-02-05 21:36:05,2021-02-05 21:42:10,00:06:05
VC15,V05,Las Flores - La Guama,2021-02-05 22:59:15,2021-02-05 23:34:12,00:34:57
VC15,V05,La Guama - Lago de Yojoa,2021-02-05 23:34:12,2021-02-05 23:44:22,00:10:10
VC15,V05,Lago de Yojoa - Pito Solo,2021-02-05 23:44:22,2021-02-05 23:49:00,00:04:38
VC15,V05,Pito Solo - Jardines Taulabe,2021-02-05 23:48:59,2021-02-06 00:15:07,00:26:08
VC15,V05,Fila de salida,2021-02-05 16:12:51,2021-02-05 17:26:17,01:13:26
VC15,V05,Fila de salida,2021-02-05 17:27:58,2021-02-05 19:21:54,01:53:56
VC15,V05,Fila de salida,2021-02-05 19:55:00,2021-02-05 20:28:05,00:33:05
VC15,V05,Area de viveros de Cerveza,2021-02-05 15:15:12,2021-02-05 15:46:28,00:31:16
VC15,V05,CHSA-Toyota,2021-02-05 20:53:47,2021-02-05 21:06:01,00:12:14
VC15,V05,Taller de Flota-CHSA,2021-02-05 15:54:25,2021-02-05 16:06:37,00:12:12
VC15,V05,Planta General Cerveza,2021-02-05 15:46:27,2021-02-05 15:54:25,00:07:58
VC15,V05,Area de Salida Cerveza,2021-02-05 16:09:25,2021-02-05 16:09:53,00:00:28
VC15,V05,Paso T1,2021-02-05 16:09:53,2021-02-05 16:11:43,00:01:50
VC15,V05,Area del Guayago,2021-02-05 16:11:43,2021-02-05 16:12:51,00:01:08
VC15,V05,20 calle -Toyota,2021-02-05 21:06:01,2021-02-05 21:11:40,00:05:39
VC15,V05,CD Talanga 20,2021-02-06 07:14:09,2021-02-06 08:57:33,01:43:24
VC15,V05,Jardines - Siguatepeque,2021-02-06 00:15:07,2021-02-06 01:36:25,01:21:18
VC15,V05,Siguatepeque - Cuesta La Virgen,2021-02-06 01:36:25,2021-02-06 01:50:03,00:13:38
VC15,V05,Cuesta La Virgen - Comayagua,2021-02-06 01:50:03,2021-02-06 02:33:18,00:43:15
VC15,V05,"Comayagua - Las Flores, Comayagua",2021-02-06 02:33:17,2021-02-06 03:03:17,00:30:00
VC15,V05,"Flores, Comayagua, Cuesta el Rodeo",2021-02-06 03:03:16,2021-02-06 03:08:16,00:05:00
VC15,V05,Cuesta el Rodeo-Zambrano,2021-02-06 03:08:16,2021-02-06 04:03:02,00:54:46
VC15,V05,Tamara-Durazno,2021-02-06 04:23:49,2021-02-06 05:05:58,00:42:09
VC15,V05,Cervecería SA. Tegucigalpa,2021-02-06 05:07:20,2021-02-06 05:32:28,00:25:08
VC15,V05,Rio Abajo-Casa Quemada,2021-02-06 05:46:34,2021-02-06 06:40:09,00:53:35
VC15,V05,Casa Quemada-Talanga,2021-02-06 06:40:08,2021-02-06 07:07:08,00:27:00
VC15,V05,Zambrano-Tamara,2021-02-06 04:03:03,2021-02-06 04:23:49,00:20:46
VC15,V05,Durazno-FFAA-Salida a Tegus,2021-02-06 05:05:58,2021-02-06 05:17:38,00:11:40
VC15,V05,Talanga,2021-02-06 07:07:08,2021-02-06 07:12:08,00:05:00
VC15,V05,Bulevar Fuerzas Armadas - Rio Abajo,2021-02-06 05:17:37,2021-02-06 05:46:34,00:28:57
VC15,V05,"CD Talanga, Area de Espera",2021-02-06 07:12:07,2021-02-06 07:14:09,00:02:02
VC15,V05,Peaje Siguatepeque,2021-02-06 01:47:07,2021-02-06 01:50:03,00:02:56
